,a1,a2,a3,a4,b1,b2,b3,b4,X1exp,X2exp,Yexp
0,1.7679335456079772,1.390182077576652,-7.068765433367707,-0.07400908877871415,-0.3242865678942841,-0.9107680321308018,9.75973756721141,-0.3781967010796701,-1.0,0.0,-235628.60962297776
1,1.7679335456079772,1.390182077576652,-7.068765433367707,-0.07400908877871415,-0.3242865678942841,-0.9107680321308018,9.75973756721141,-0.3781967010796701,-1.0,0.375,-73934.03994952647
2,1.7679335456079772,1.390182077576652,-7.068765433367707,-0.07400908877871415,-0.3242865678942841,-0.9107680321308018,9.75973756721141,-0.3781967010796701,-1.0,0.75,-1665.6401885756295
3,1.7679335456079772,1.390182077576652,-7.068765433367707,-0.07400908877871415,-0.3242865678942841,-0.9107680321308018,9.75973756721141,-0.3781967010796701,-1.0,1.125,-73.23149012804642
4,1.7679335456079772,1.390182077576652,-7.068765433367707,-0.07400908877871415,-0.3242865678942841,-0.9107680321308018,9.75973756721141,-0.3781967010796701,-1.0,1.5,-11.214789137344422
5,1.7679335456079772,1.390182077576652,-7.068765433367707,-0.07400908877871415,-0.3242865678942841,-0.9107680321308018,9.75973756721141,-0.3781967010796701,-0.625,0.0,-21282.668539589202
6,1.7679335456079772,1.390182077576652,-7.068765433367707,-0.07400908877871415,-0.3242865678942841,-0.9107680321308018,9.75973756721141,-0.3781967010796701,-0.625,0.375,-6478.148997303692
7,1.7679335456079772,1.390182077576652,-7.068765433367707,-0.07400908877871415,-0.3242865678942841,-0.9107680321308018,9.75973756721141,-0.3781967010796701,-0.625,0.75,-214.05924159388022
8,1.7679335456079772,1.390182077576652,-7.068765433367707,-0.07400908877871415,-0.3242865678942841,-0.9107680321308018,9.75973756721141,-0.3781967010796701,-0.625,1.125,-86.74626423135182
9,1.7679335456079772,1.390182077576652,-7.068765433367707,-0.07400908877871415,-0.3242865678942841,-0.9107680321308018,9.75973756721141,-0.3781967010796701,-0.625,1.5,-135.7640508684749
10,1.7679335456079772,1.390182077576652,-7.068765433367707,-0.07400908877871415,-0.3242865678942841,-0.9107680321308018,9.75973756721141,-0.3781967010796701,-0.25,0.0,-3137.062366616104
11,1.7679335456079772,1.390182077576652,-7.068765433367707,-0.07400908877871415,-0.3242865678942841,-0.9107680321308018,9.75973756721141,-0.3781967010796701,-0.25,0.375,-971.7787641818945
12,1.7679335456079772,1.390182077576652,-7.068765433367707,-0.07400908877871415,-0.3242865678942841,-0.9107680321308018,9.75973756721141,-0.3781967010796701,-0.25,0.75,-61.60392427445798
13,1.7679335456079772,1.390182077576652,-7.068765433367707,-0.07400908877871415,-0.3242865678942841,-0.9107680321308018,9.75973756721141,-0.3781967010796701,-0.25,1.125,-6.054185962424379
14,1.7679335456079772,1.390182077576652,-7.068765433367707,-0.07400908877871415,-0.3242865678942841,-0.9107680321308018,9.75973756721141,-0.3781967010796701,-0.25,1.5,-94.42202276806995
15,1.7679335456079772,1.390182077576652,-7.068765433367707,-0.07400908877871415,-0.3242865678942841,-0.9107680321308018,9.75973756721141,-0.3781967010796701,0.125,0.0,-741.0357048477016
16,1.7679335456079772,1.390182077576652,-7.068765433367707,-0.07400908877871415,-0.3242865678942841,-0.9107680321308018,9.75973756721141,-0.3781967010796701,0.125,0.375,-276.28222710537875
17,1.7679335456079772,1.390182077576652,-7.068765433367707,-0.07400908877871415,-0.3242865678942841,-0.9107680321308018,9.75973756721141,-0.3781967010796701,0.125,0.75,-40.75294165534029
18,1.7679335456079772,1.390182077576652,-7.068765433367707,-0.07400908877871415,-0.3242865678942841,-0.9107680321308018,9.75973756721141,-0.3781967010796701,0.125,1.125,10.738420860304085
19,1.7679335456079772,1.390182077576652,-7.068765433367707,-0.07400908877871415,-0.3242865678942841,-0.9107680321308018,9.75973756721141,-0.3781967010796701,0.125,1.5,2.4025144154511597
20,1.7679335456079772,1.390182077576652,-7.068765433367707,-0.07400908877871415,-0.3242865678942841,-0.9107680321308018,9.75973756721141,-0.3781967010796701,0.5,0.0,-280.6516102659913
21,1.7679335456079772,1.390182077576652,-7.068765433367707,-0.07400908877871415,-0.3242865678942841,-0.9107680321308018,9.75973756721141,-0.3781967010796701,0.5,0.375,-185.41061933174552
22,1.7679335456079772,1.390182077576652,-7.068765433367707,-0.07400908877871415,-0.3242865678942841,-0.9107680321308018,9.75973756721141,-0.3781967010796701,0.5,0.75,-53.59648195362302
23,1.7679335456079772,1.390182077576652,-7.068765433367707,-0.07400908877871415,-0.3242865678942841,-0.9107680321308018,9.75973756721141,-0.3781967010796701,0.5,1.125,9.814931401226168
24,1.7679335456079772,1.390182077576652,-7.068765433367707,-0.07400908877871415,-0.3242865678942841,-0.9107680321308018,9.75973756721141,-0.3781967010796701,0.5,1.5,11.242874034897467
25,1.7679335456079772,1.390182077576652,-7.068765433367707,-0.07400908877871415,-0.3242865678942841,-0.9107680321308018,9.75973756721141,-0.3781967010796701,-0.558,1.442,-152.1264469074718
26,1.7679335456079772,1.390182077576652,-7.068765433367707,-0.07400908877871415,-0.3242865678942841,-0.9107680321308018,9.75973756721141,-0.3781967010796701,-0.05,0.467,-264.35237570041284
27,1.7679335456079772,1.390182077576652,-7.068765433367707,-0.07400908877871415,-0.3242865678942841,-0.9107680321308018,9.75973756721141,-0.3781967010796701,0.623,0.028,-236.7330986796282
28,1.7679335456079772,1.390182077576652,-7.068765433367707,-0.07400908877871415,-0.3242865678942841,-0.9107680321308018,9.75973756721141,-0.3781967010796701,-0.82,0.62,-2389.3020664802048
29,1.7679335456079772,1.390182077576652,-7.068765433367707,-0.07400908877871415,-0.3242865678942841,-0.9107680321308018,9.75973756721141,-0.3781967010796701,0.22,0.3,-305.66728748655595
30,1.1929099374753074,-1.3165994667012022,-3.6566295513181926,-1.750707785965362,1.9984997198188288,1.5118342834743315,13.01113183714255,-1.6758959607127146,-1.0,0.0,-23597.555666423534
31,1.1929099374753074,-1.3165994667012022,-3.6566295513181926,-1.750707785965362,1.9984997198188288,1.5118342834743315,13.01113183714255,-1.6758959607127146,-1.0,0.375,-1328.6144533488339
32,1.1929099374753074,-1.3165994667012022,-3.6566295513181926,-1.750707785965362,1.9984997198188288,1.5118342834743315,13.01113183714255,-1.6758959607127146,-1.0,0.75,-229.90878205403834
33,1.1929099374753074,-1.3165994667012022,-3.6566295513181926,-1.750707785965362,1.9984997198188288,1.5118342834743315,13.01113183714255,-1.6758959607127146,-1.0,1.125,-298.34690385469247
34,1.1929099374753074,-1.3165994667012022,-3.6566295513181926,-1.750707785965362,1.9984997198188288,1.5118342834743315,13.01113183714255,-1.6758959607127146,-1.0,1.5,-50.27679734312355
35,1.1929099374753074,-1.3165994667012022,-3.6566295513181926,-1.750707785965362,1.9984997198188288,1.5118342834743315,13.01113183714255,-1.6758959607127146,-0.625,0.0,-4630.945106644239
36,1.1929099374753074,-1.3165994667012022,-3.6566295513181926,-1.750707785965362,1.9984997198188288,1.5118342834743315,13.01113183714255,-1.6758959607127146,-0.625,0.375,-373.40255438613576
37,1.1929099374753074,-1.3165994667012022,-3.6566295513181926,-1.750707785965362,1.9984997198188288,1.5118342834743315,13.01113183714255,-1.6758959607127146,-0.625,0.75,-26.453253463809762
38,1.1929099374753074,-1.3165994667012022,-3.6566295513181926,-1.750707785965362,1.9984997198188288,1.5118342834743315,13.01113183714255,-1.6758959607127146,-0.625,1.125,-108.15773350973147
39,1.1929099374753074,-1.3165994667012022,-3.6566295513181926,-1.750707785965362,1.9984997198188288,1.5118342834743315,13.01113183714255,-1.6758959607127146,-0.625,1.5,-150.35796115333073
40,1.1929099374753074,-1.3165994667012022,-3.6566295513181926,-1.750707785965362,1.9984997198188288,1.5118342834743315,13.01113183714255,-1.6758959607127146,-0.25,0.0,-1259.2741601682808
41,1.1929099374753074,-1.3165994667012022,-3.6566295513181926,-1.750707785965362,1.9984997198188288,1.5118342834743315,13.01113183714255,-1.6758959607127146,-0.25,0.375,-190.2990457309675
42,1.1929099374753074,-1.3165994667012022,-3.6566295513181926,-1.750707785965362,1.9984997198188288,1.5118342834743315,13.01113183714255,-1.6758959607127146,-0.25,0.75,-37.85759933376067
43,1.1929099374753074,-1.3165994667012022,-3.6566295513181926,-1.750707785965362,1.9984997198188288,1.5118342834743315,13.01113183714255,-1.6758959607127146,-0.25,1.125,-12.635269512297704
44,1.1929099374753074,-1.3165994667012022,-3.6566295513181926,-1.750707785965362,1.9984997198188288,1.5118342834743315,13.01113183714255,-1.6758959607127146,-0.25,1.5,-131.71081562064305
45,1.1929099374753074,-1.3165994667012022,-3.6566295513181926,-1.750707785965362,1.9984997198188288,1.5118342834743315,13.01113183714255,-1.6758959607127146,0.125,0.0,-484.12572301086584
46,1.1929099374753074,-1.3165994667012022,-3.6566295513181926,-1.750707785965362,1.9984997198188288,1.5118342834743315,13.01113183714255,-1.6758959607127146,0.125,0.375,-138.25989994783185
47,1.1929099374753074,-1.3165994667012022,-3.6566295513181926,-1.750707785965362,1.9984997198188288,1.5118342834743315,13.01113183714255,-1.6758959607127146,0.125,0.75,-52.72131241674986
48,1.1929099374753074,-1.3165994667012022,-3.6566295513181926,-1.750707785965362,1.9984997198188288,1.5118342834743315,13.01113183714255,-1.6758959607127146,0.125,1.125,-1.685157311711235
49,1.1929099374753074,-1.3165994667012022,-3.6566295513181926,-1.750707785965362,1.9984997198188288,1.5118342834743315,13.01113183714255,-1.6758959607127146,0.125,1.5,-39.994935729968105
50,1.1929099374753074,-1.3165994667012022,-3.6566295513181926,-1.750707785965362,1.9984997198188288,1.5118342834743315,13.01113183714255,-1.6758959607127146,0.5,0.0,-266.2779409023251
51,1.1929099374753074,-1.3165994667012022,-3.6566295513181926,-1.750707785965362,1.9984997198188288,1.5118342834743315,13.01113183714255,-1.6758959607127146,0.5,0.375,-99.55195904760366
52,1.1929099374753074,-1.3165994667012022,-3.6566295513181926,-1.750707785965362,1.9984997198188288,1.5118342834743315,13.01113183714255,-1.6758959607127146,0.5,0.75,-46.41295869718509
53,1.1929099374753074,-1.3165994667012022,-3.6566295513181926,-1.750707785965362,1.9984997198188288,1.5118342834743315,13.01113183714255,-1.6758959607127146,0.5,1.125,-2.119570802066928
54,1.1929099374753074,-1.3165994667012022,-3.6566295513181926,-1.750707785965362,1.9984997198188288,1.5118342834743315,13.01113183714255,-1.6758959607127146,0.5,1.5,-4.2972853329081255
55,1.1929099374753074,-1.3165994667012022,-3.6566295513181926,-1.750707785965362,1.9984997198188288,1.5118342834743315,13.01113183714255,-1.6758959607127146,-0.558,1.442,-162.83905154778196
56,1.1929099374753074,-1.3165994667012022,-3.6566295513181926,-1.750707785965362,1.9984997198188288,1.5118342834743315,13.01113183714255,-1.6758959607127146,-0.05,0.467,-121.61566450684704
57,1.1929099374753074,-1.3165994667012022,-3.6566295513181926,-1.750707785965362,1.9984997198188288,1.5118342834743315,13.01113183714255,-1.6758959607127146,0.623,0.028,-230.27793211598896
58,1.1929099374753074,-1.3165994667012022,-3.6566295513181926,-1.750707785965362,1.9984997198188288,1.5118342834743315,13.01113183714255,-1.6758959607127146,-0.82,0.62,-66.26955992407697
59,1.1929099374753074,-1.3165994667012022,-3.6566295513181926,-1.750707785965362,1.9984997198188288,1.5118342834743315,13.01113183714255,-1.6758959607127146,0.22,0.3,-157.57558723596148
60,-0.48416093066087296,1.0119110121094792,-0.199454048798831,1.535800404566467,1.1254007414004565,-0.34202424408750165,11.008172835403617,-0.6629969464747303,-1.0,0.0,-17.93934289510609
61,-0.48416093066087296,1.0119110121094792,-0.199454048798831,1.535800404566467,1.1254007414004565,-0.34202424408750165,11.008172835403617,-0.6629969464747303,-1.0,0.375,-229.9132365111225
62,-0.48416093066087296,1.0119110121094792,-0.199454048798831,1.535800404566467,1.1254007414004565,-0.34202424408750165,11.008172835403617,-0.6629969464747303,-1.0,0.75,-403.9738517174425
63,-0.48416093066087296,1.0119110121094792,-0.199454048798831,1.535800404566467,1.1254007414004565,-0.34202424408750165,11.008172835403617,-0.6629969464747303,-1.0,1.125,-502.44998993403965
64,-0.48416093066087296,1.0119110121094792,-0.199454048798831,1.535800404566467,1.1254007414004565,-0.34202424408750165,11.008172835403617,-0.6629969464747303,-1.0,1.5,-143.87996346589438
65,-0.48416093066087296,1.0119110121094792,-0.199454048798831,1.535800404566467,1.1254007414004565,-0.34202424408750165,11.008172835403617,-0.6629969464747303,-0.625,0.0,-18.575291353248055
66,-0.48416093066087296,1.0119110121094792,-0.199454048798831,1.535800404566467,1.1254007414004565,-0.34202424408750165,11.008172835403617,-0.6629969464747303,-0.625,0.375,-102.1561091204676
67,-0.48416093066087296,1.0119110121094792,-0.199454048798831,1.535800404566467,1.1254007414004565,-0.34202424408750165,11.008172835403617,-0.6629969464747303,-0.625,0.75,-75.47930210366023
68,-0.48416093066087296,1.0119110121094792,-0.199454048798831,1.535800404566467,1.1254007414004565,-0.34202424408750165,11.008172835403617,-0.6629969464747303,-0.625,1.125,-98.98996989919335
69,-0.48416093066087296,1.0119110121094792,-0.199454048798831,1.535800404566467,1.1254007414004565,-0.34202424408750165,11.008172835403617,-0.6629969464747303,-0.625,1.5,-149.8954253237125
70,-0.48416093066087296,1.0119110121094792,-0.199454048798831,1.535800404566467,1.1254007414004565,-0.34202424408750165,11.008172835403617,-0.6629969464747303,-0.25,0.0,15.5837232096423
71,-0.48416093066087296,1.0119110121094792,-0.199454048798831,1.535800404566467,1.1254007414004565,-0.34202424408750165,11.008172835403617,-0.6629969464747303,-0.25,0.375,-39.898847897629025
72,-0.48416093066087296,1.0119110121094792,-0.199454048798831,1.535800404566467,1.1254007414004565,-0.34202424408750165,11.008172835403617,-0.6629969464747303,-0.25,0.75,-16.823105837076277
73,-0.48416093066087296,1.0119110121094792,-0.199454048798831,1.535800404566467,1.1254007414004565,-0.34202424408750165,11.008172835403617,-0.6629969464747303,-0.25,1.125,7.567329220651608
74,-0.48416093066087296,1.0119110121094792,-0.199454048798831,1.535800404566467,1.1254007414004565,-0.34202424408750165,11.008172835403617,-0.6629969464747303,-0.25,1.5,-134.83955420485452
75,-0.48416093066087296,1.0119110121094792,-0.199454048798831,1.535800404566467,1.1254007414004565,-0.34202424408750165,11.008172835403617,-0.6629969464747303,0.125,0.0,298.2480830960204
76,-0.48416093066087296,1.0119110121094792,-0.199454048798831,1.535800404566467,1.1254007414004565,-0.34202424408750165,11.008172835403617,-0.6629969464747303,0.125,0.375,108.76286721703407
77,-0.48416093066087296,1.0119110121094792,-0.199454048798831,1.535800404566467,1.1254007414004565,-0.34202424408750165,11.008172835403617,-0.6629969464747303,0.125,0.75,77.83395922877921
78,-0.48416093066087296,1.0119110121094792,-0.199454048798831,1.535800404566467,1.1254007414004565,-0.34202424408750165,11.008172835403617,-0.6629969464747303,0.125,1.125,89.729200151741
79,-0.48416093066087296,1.0119110121094792,-0.199454048798831,1.535800404566467,1.1254007414004565,-0.34202424408750165,11.008172835403617,-0.6629969464747303,0.125,1.5,-71.30399318607815
80,-0.48416093066087296,1.0119110121094792,-0.199454048798831,1.535800404566467,1.1254007414004565,-0.34202424408750165,11.008172835403617,-0.6629969464747303,0.5,0.0,2397.8774862780765
81,-0.48416093066087296,1.0119110121094792,-0.199454048798831,1.535800404566467,1.1254007414004565,-0.34202424408750165,11.008172835403617,-0.6629969464747303,0.5,0.375,1015.1141952567305
82,-0.48416093066087296,1.0119110121094792,-0.199454048798831,1.535800404566467,1.1254007414004565,-0.34202424408750165,11.008172835403617,-0.6629969464747303,0.5,0.75,570.0251238782015
83,-0.48416093066087296,1.0119110121094792,-0.199454048798831,1.535800404566467,1.1254007414004565,-0.34202424408750165,11.008172835403617,-0.6629969464747303,0.5,1.125,420.9812471373244
84,-0.48416093066087296,1.0119110121094792,-0.199454048798831,1.535800404566467,1.1254007414004565,-0.34202424408750165,11.008172835403617,-0.6629969464747303,0.5,1.5,204.97976276746883
85,-0.48416093066087296,1.0119110121094792,-0.199454048798831,1.535800404566467,1.1254007414004565,-0.34202424408750165,11.008172835403617,-0.6629969464747303,-0.558,1.442,-152.10937953917943
86,-0.48416093066087296,1.0119110121094792,-0.199454048798831,1.535800404566467,1.1254007414004565,-0.34202424408750165,11.008172835403617,-0.6629969464747303,-0.05,0.467,-4.361343266851691
87,-0.48416093066087296,1.0119110121094792,-0.199454048798831,1.535800404566467,1.1254007414004565,-0.34202424408750165,11.008172835403617,-0.6629969464747303,0.623,0.028,4525.18216541869
88,-0.48416093066087296,1.0119110121094792,-0.199454048798831,1.535800404566467,1.1254007414004565,-0.34202424408750165,11.008172835403617,-0.6629969464747303,-0.82,0.62,-182.9156613483235
89,-0.48416093066087296,1.0119110121094792,-0.199454048798831,1.535800404566467,1.1254007414004565,-0.34202424408750165,11.008172835403617,-0.6629969464747303,0.22,0.3,248.174929322997
90,-0.3687633511991135,1.7565839861909551,-9.805471276068781,0.2521341660630645,0.4204698111812748,1.9760717920388502,6.086578969906662,-1.09491705160247,-1.0,0.0,-143.26121350523192
91,-0.3687633511991135,1.7565839861909551,-9.805471276068781,0.2521341660630645,0.4204698111812748,1.9760717920388502,6.086578969906662,-1.09491705160247,-1.0,0.375,-622.8772080619101
92,-0.3687633511991135,1.7565839861909551,-9.805471276068781,0.2521341660630645,0.4204698111812748,1.9760717920388502,6.086578969906662,-1.09491705160247,-1.0,0.75,-177.31263320895374
93,-0.3687633511991135,1.7565839861909551,-9.805471276068781,0.2521341660630645,0.4204698111812748,1.9760717920388502,6.086578969906662,-1.09491705160247,-1.0,1.125,-6.610061211520414
94,-0.3687633511991135,1.7565839861909551,-9.805471276068781,0.2521341660630645,0.4204698111812748,1.9760717920388502,6.086578969906662,-1.09491705160247,-1.0,1.5,3.215190310323214
95,-0.3687633511991135,1.7565839861909551,-9.805471276068781,0.2521341660630645,0.4204698111812748,1.9760717920388502,6.086578969906662,-1.09491705160247,-0.625,0.0,-58.57639952007517
96,-0.3687633511991135,1.7565839861909551,-9.805471276068781,0.2521341660630645,0.4204698111812748,1.9760717920388502,6.086578969906662,-1.09491705160247,-0.625,0.375,-186.25014124432522
97,-0.3687633511991135,1.7565839861909551,-9.805471276068781,0.2521341660630645,0.4204698111812748,1.9760717920388502,6.086578969906662,-1.09491705160247,-0.625,0.75,-66.90470348629157
98,-0.3687633511991135,1.7565839861909551,-9.805471276068781,0.2521341660630645,0.4204698111812748,1.9760717920388502,6.086578969906662,-1.09491705160247,-0.625,1.125,-64.69625643768491
99,-0.3687633511991135,1.7565839861909551,-9.805471276068781,0.2521341660630645,0.4204698111812748,1.9760717920388502,6.086578969906662,-1.09491705160247,-0.625,1.5,-130.77638041757825
100,-0.3687633511991135,1.7565839861909551,-9.805471276068781,0.2521341660630645,0.4204698111812748,1.9760717920388502,6.086578969906662,-1.09491705160247,-0.25,0.0,-45.00693209040327
101,-0.3687633511991135,1.7565839861909551,-9.805471276068781,0.2521341660630645,0.4204698111812748,1.9760717920388502,6.086578969906662,-1.09491705160247,-0.25,0.375,-86.20296659377392
102,-0.3687633511991135,1.7565839861909551,-9.805471276068781,0.2521341660630645,0.4204698111812748,1.9760717920388502,6.086578969906662,-1.09491705160247,-0.25,0.75,-31.656100879885724
103,-0.3687633511991135,1.7565839861909551,-9.805471276068781,0.2521341660630645,0.4204698111812748,1.9760717920388502,6.086578969906662,-1.09491705160247,-0.25,1.125,-6.747216470891457
104,-0.3687633511991135,1.7565839861909551,-9.805471276068781,0.2521341660630645,0.4204698111812748,1.9760717920388502,6.086578969906662,-1.09491705160247,-0.25,1.5,-78.45319790830618
105,-0.3687633511991135,1.7565839861909551,-9.805471276068781,0.2521341660630645,0.4204698111812748,1.9760717920388502,6.086578969906662,-1.09491705160247,0.125,0.0,-15.818377750097568
106,-0.3687633511991135,1.7565839861909551,-9.805471276068781,0.2521341660630645,0.4204698111812748,1.9760717920388502,6.086578969906662,-1.09491705160247,0.125,0.375,-58.85144269002443
107,-0.3687633511991135,1.7565839861909551,-9.805471276068781,0.2521341660630645,0.4204698111812748,1.9760717920388502,6.086578969906662,-1.09491705160247,0.125,0.75,-29.601158308648643
108,-0.3687633511991135,1.7565839861909551,-9.805471276068781,0.2521341660630645,0.4204698111812748,1.9760717920388502,6.086578969906662,-1.09491705160247,0.125,1.125,15.119638178015215
109,-0.3687633511991135,1.7565839861909551,-9.805471276068781,0.2521341660630645,0.4204698111812748,1.9760717920388502,6.086578969906662,-1.09491705160247,0.125,1.5,9.584459020994
110,-0.3687633511991135,1.7565839861909551,-9.805471276068781,0.2521341660630645,0.4204698111812748,1.9760717920388502,6.086578969906662,-1.09491705160247,0.5,0.0,85.10673982375332
111,-0.3687633511991135,1.7565839861909551,-9.805471276068781,0.2521341660630645,0.4204698111812748,1.9760717920388502,6.086578969906662,-1.09491705160247,0.5,0.375,-61.53231012443736
112,-0.3687633511991135,1.7565839861909551,-9.805471276068781,0.2521341660630645,0.4204698111812748,1.9760717920388502,6.086578969906662,-1.09491705160247,0.5,0.75,-65.20176221440241
113,-0.3687633511991135,1.7565839861909551,-9.805471276068781,0.2521341660630645,0.4204698111812748,1.9760717920388502,6.086578969906662,-1.09491705160247,0.5,1.125,15.992315719815375
114,-0.3687633511991135,1.7565839861909551,-9.805471276068781,0.2521341660630645,0.4204698111812748,1.9760717920388502,6.086578969906662,-1.09491705160247,0.5,1.5,13.833887006509539
115,-0.3687633511991135,1.7565839861909551,-9.805471276068781,0.2521341660630645,0.4204698111812748,1.9760717920388502,6.086578969906662,-1.09491705160247,-0.558,1.442,-149.67652733505327
116,-0.3687633511991135,1.7565839861909551,-9.805471276068781,0.2521341660630645,0.4204698111812748,1.9760717920388502,6.086578969906662,-1.09491705160247,-0.05,0.467,-71.91799054539402
117,-0.3687633511991135,1.7565839861909551,-9.805471276068781,0.2521341660630645,0.4204698111812748,1.9760717920388502,6.086578969906662,-1.09491705160247,0.623,0.028,118.22753598540626
118,-0.3687633511991135,1.7565839861909551,-9.805471276068781,0.2521341660630645,0.4204698111812748,1.9760717920388502,6.086578969906662,-1.09491705160247,-0.82,0.62,-217.26387739899732
119,-0.3687633511991135,1.7565839861909551,-9.805471276068781,0.2521341660630645,0.4204698111812748,1.9760717920388502,6.086578969906662,-1.09491705160247,0.22,0.3,-47.421337487481196
120,0.0059386941550174654,-1.9447621014659275,-7.463390928986032,1.1833990673555568,-1.5004049085973115,0.4099249106887566,14.911483641847047,0.6063737793698207,-1.0,0.0,-176.88504472162495
121,0.0059386941550174654,-1.9447621014659275,-7.463390928986032,1.1833990673555568,-1.5004049085973115,0.4099249106887566,14.911483641847047,0.6063737793698207,-1.0,0.375,-178.71387981787478
122,0.0059386941550174654,-1.9447621014659275,-7.463390928986032,1.1833990673555568,-1.5004049085973115,0.4099249106887566,14.911483641847047,0.6063737793698207,-1.0,0.75,-180.52455846306685
123,0.0059386941550174654,-1.9447621014659275,-7.463390928986032,1.1833990673555568,-1.5004049085973115,0.4099249106887566,14.911483641847047,0.6063737793698207,-1.0,1.125,-157.81746631137707
124,0.0059386941550174654,-1.9447621014659275,-7.463390928986032,1.1833990673555568,-1.5004049085973115,0.4099249106887566,14.911483641847047,0.6063737793698207,-1.0,1.5,-8.441783177136912
125,0.0059386941550174654,-1.9447621014659275,-7.463390928986032,1.1833990673555568,-1.5004049085973115,0.4099249106887566,14.911483641847047,0.6063737793698207,-0.625,0.0,-179.10761317299517
126,0.0059386941550174654,-1.9447621014659275,-7.463390928986032,1.1833990673555568,-1.5004049085973115,0.4099249106887566,14.911483641847047,0.6063737793698207,-0.625,0.375,-145.66483898999897
127,0.0059386941550174654,-1.9447621014659275,-7.463390928986032,1.1833990673555568,-1.5004049085973115,0.4099249106887566,14.911483641847047,0.6063737793698207,-0.625,0.75,-26.376728974955356
128,0.0059386941550174654,-1.9447621014659275,-7.463390928986032,1.1833990673555568,-1.5004049085973115,0.4099249106887566,14.911483641847047,0.6063737793698207,-0.625,1.125,-104.39386331558629
129,0.0059386941550174654,-1.9447621014659275,-7.463390928986032,1.1833990673555568,-1.5004049085973115,0.4099249106887566,14.911483641847047,0.6063737793698207,-0.625,1.5,-127.64407425306734
130,0.0059386941550174654,-1.9447621014659275,-7.463390928986032,1.1833990673555568,-1.5004049085973115,0.4099249106887566,14.911483641847047,0.6063737793698207,-0.25,0.0,-172.2179776040548
131,0.0059386941550174654,-1.9447621014659275,-7.463390928986032,1.1833990673555568,-1.5004049085973115,0.4099249106887566,14.911483641847047,0.6063737793698207,-0.25,0.375,-147.7979717923395
132,0.0059386941550174654,-1.9447621014659275,-7.463390928986032,1.1833990673555568,-1.5004049085973115,0.4099249106887566,14.911483641847047,0.6063737793698207,-0.25,0.75,-22.12620703672366
133,0.0059386941550174654,-1.9447621014659275,-7.463390928986032,1.1833990673555568,-1.5004049085973115,0.4099249106887566,14.911483641847047,0.6063737793698207,-0.25,1.125,18.994916400160633
134,0.0059386941550174654,-1.9447621014659275,-7.463390928986032,1.1833990673555568,-1.5004049085973115,0.4099249106887566,14.911483641847047,0.6063737793698207,-0.25,1.5,-62.98500748042455
135,0.0059386941550174654,-1.9447621014659275,-7.463390928986032,1.1833990673555568,-1.5004049085973115,0.4099249106887566,14.911483641847047,0.6063737793698207,0.125,0.0,-140.39268154244607
136,0.0059386941550174654,-1.9447621014659275,-7.463390928986032,1.1833990673555568,-1.5004049085973115,0.4099249106887566,14.911483641847047,0.6063737793698207,0.125,0.375,-105.43682372095002
137,0.0059386941550174654,-1.9447621014659275,-7.463390928986032,1.1833990673555568,-1.5004049085973115,0.4099249106887566,14.911483641847047,0.6063737793698207,0.125,0.75,4.552766825755519
138,0.0059386941550174654,-1.9447621014659275,-7.463390928986032,1.1833990673555568,-1.5004049085973115,0.4099249106887566,14.911483641847047,0.6063737793698207,0.125,1.125,71.71746274831521
139,0.0059386941550174654,-1.9447621014659275,-7.463390928986032,1.1833990673555568,-1.5004049085973115,0.4099249106887566,14.911483641847047,0.6063737793698207,0.125,1.5,103.16299878115285
140,0.0059386941550174654,-1.9447621014659275,-7.463390928986032,1.1833990673555568,-1.5004049085973115,0.4099249106887566,14.911483641847047,0.6063737793698207,0.5,0.0,-30.490729667540194
141,0.0059386941550174654,-1.9447621014659275,-7.463390928986032,1.1833990673555568,-1.5004049085973115,0.4099249106887566,14.911483641847047,0.6063737793698207,0.5,0.375,43.77575236947878
142,0.0059386941550174654,-1.9447621014659275,-7.463390928986032,1.1833990673555568,-1.5004049085973115,0.4099249106887566,14.911483641847047,0.6063737793698207,0.5,0.75,143.0259878379995
143,0.0059386941550174654,-1.9447621014659275,-7.463390928986032,1.1833990673555568,-1.5004049085973115,0.4099249106887566,14.911483641847047,0.6063737793698207,0.5,1.125,242.14430572666785
144,0.0059386941550174654,-1.9447621014659275,-7.463390928986032,1.1833990673555568,-1.5004049085973115,0.4099249106887566,14.911483641847047,0.6063737793698207,0.5,1.5,403.5208975914355
145,0.0059386941550174654,-1.9447621014659275,-7.463390928986032,1.1833990673555568,-1.5004049085973115,0.4099249106887566,14.911483641847047,0.6063737793698207,-0.558,1.442,-146.1521785748922
146,0.0059386941550174654,-1.9447621014659275,-7.463390928986032,1.1833990673555568,-1.5004049085973115,0.4099249106887566,14.911483641847047,0.6063737793698207,-0.05,0.467,-106.78554255395733
147,0.0059386941550174654,-1.9447621014659275,-7.463390928986032,1.1833990673555568,-1.5004049085973115,0.4099249106887566,14.911483641847047,0.6063737793698207,0.623,0.028,45.8862023264991
148,0.0059386941550174654,-1.9447621014659275,-7.463390928986032,1.1833990673555568,-1.5004049085973115,0.4099249106887566,14.911483641847047,0.6063737793698207,-0.82,0.62,-64.05045157187409
149,0.0059386941550174654,-1.9447621014659275,-7.463390928986032,1.1833990673555568,-1.5004049085973115,0.4099249106887566,14.911483641847047,0.6063737793698207,0.22,0.3,-102.55299474337751
150,-1.8338816989216582,0.7670875623091211,-5.188064087112869,1.4456936283281916,-1.4483299875048095,-0.07007779315967633,10.786023921517128,1.149511461485805,-1.0,0.0,12.940240671505432
151,-1.8338816989216582,0.7670875623091211,-5.188064087112869,1.4456936283281916,-1.4483299875048095,-0.07007779315967633,10.786023921517128,1.149511461485805,-1.0,0.375,-168.33055064221048
152,-1.8338816989216582,0.7670875623091211,-5.188064087112869,1.4456936283281916,-1.4483299875048095,-0.07007779315967633,10.786023921517128,1.149511461485805,-1.0,0.75,-170.16964587370538
153,-1.8338816989216582,0.7670875623091211,-5.188064087112869,1.4456936283281916,-1.4483299875048095,-0.07007779315967633,10.786023921517128,1.149511461485805,-1.0,1.125,-130.12696739253917
154,-1.8338816989216582,0.7670875623091211,-5.188064087112869,1.4456936283281916,-1.4483299875048095,-0.07007779315967633,10.786023921517128,1.149511461485805,-1.0,1.5,-28.610653480545324
155,-1.8338816989216582,0.7670875623091211,-5.188064087112869,1.4456936283281916,-1.4483299875048095,-0.07007779315967633,10.786023921517128,1.149511461485805,-0.625,0.0,11.639304886462504
156,-1.8338816989216582,0.7670875623091211,-5.188064087112869,1.4456936283281916,-1.4483299875048095,-0.07007779315967633,10.786023921517128,1.149511461485805,-0.625,0.375,-97.45794932202281
157,-1.8338816989216582,0.7670875623091211,-5.188064087112869,1.4456936283281916,-1.4483299875048095,-0.07007779315967633,10.786023921517128,1.149511461485805,-0.625,0.75,-66.94401247579577
158,-1.8338816989216582,0.7670875623091211,-5.188064087112869,1.4456936283281916,-1.4483299875048095,-0.07007779315967633,10.786023921517128,1.149511461485805,-0.625,1.125,-87.37252113061513
159,-1.8338816989216582,0.7670875623091211,-5.188064087112869,1.4456936283281916,-1.4483299875048095,-0.07007779315967633,10.786023921517128,1.149511461485805,-0.625,1.5,-129.60559849998617
160,-1.8338816989216582,0.7670875623091211,-5.188064087112869,1.4456936283281916,-1.4483299875048095,-0.07007779315967633,10.786023921517128,1.149511461485805,-0.25,0.0,8.835714519618488
161,-1.8338816989216582,0.7670875623091211,-5.188064087112869,1.4456936283281916,-1.4483299875048095,-0.07007779315967633,10.786023921517128,1.149511461485805,-0.25,0.375,-69.10296693648513
162,-1.8338816989216582,0.7670875623091211,-5.188064087112869,1.4456936283281916,-1.4483299875048095,-0.07007779315967633,10.786023921517128,1.149511461485805,-0.25,0.75,-28.493627480162484
163,-1.8338816989216582,0.7670875623091211,-5.188064087112869,1.4456936283281916,-1.4483299875048095,-0.07007779315967633,10.786023921517128,1.149511461485805,-0.25,1.125,18.029601139475886
164,-1.8338816989216582,0.7670875623091211,-5.188064087112869,1.4456936283281916,-1.4483299875048095,-0.07007779315967633,10.786023921517128,1.149511461485805,-0.25,1.5,-60.91467329293921
165,-1.8338816989216582,0.7670875623091211,-5.188064087112869,1.4456936283281916,-1.4483299875048095,-0.07007779315967633,10.786023921517128,1.149511461485805,0.125,0.0,-5.809836548690562
166,-1.8338816989216582,0.7670875623091211,-5.188064087112869,1.4456936283281916,-1.4483299875048095,-0.07007779315967633,10.786023921517128,1.149511461485805,0.125,0.375,-51.26214507014891
167,-1.8338816989216582,0.7670875623091211,-5.188064087112869,1.4456936283281916,-1.4483299875048095,-0.07007779315967633,10.786023921517128,1.149511461485805,0.125,0.75,16.168056227947652
168,-1.8338816989216582,0.7670875623091211,-5.188064087112869,1.4456936283281916,-1.4483299875048095,-0.07007779315967633,10.786023921517128,1.149511461485805,0.125,1.125,108.34807473591636
169,-1.8338816989216582,0.7670875623091211,-5.188064087112869,1.4456936283281916,-1.4483299875048095,-0.07007779315967633,10.786023921517128,1.149511461485805,0.125,1.5,190.18016626738012
170,-1.8338816989216582,0.7670875623091211,-5.188064087112869,1.4456936283281916,-1.4483299875048095,-0.07007779315967633,10.786023921517128,1.149511461485805,0.5,0.0,2.7254878833402643
171,-1.8338816989216582,0.7670875623091211,-5.188064087112869,1.4456936283281916,-1.4483299875048095,-0.07007779315967633,10.786023921517128,1.149511461485805,0.5,0.375,28.851391135796945
172,-1.8338816989216582,0.7670875623091211,-5.188064087112869,1.4456936283281916,-1.4483299875048095,-0.07007779315967633,10.786023921517128,1.149511461485805,0.5,0.75,198.30504707059492
173,-1.8338816989216582,0.7670875623091211,-5.188064087112869,1.4456936283281916,-1.4483299875048095,-0.07007779315967633,10.786023921517128,1.149511461485805,0.5,1.125,484.1545476652338
174,-1.8338816989216582,0.7670875623091211,-5.188064087112869,1.4456936283281916,-1.4483299875048095,-0.07007779315967633,10.786023921517128,1.149511461485805,0.5,1.5,1093.4816346410614
175,-1.8338816989216582,0.7670875623091211,-5.188064087112869,1.4456936283281916,-1.4483299875048095,-0.07007779315967633,10.786023921517128,1.149511461485805,-0.558,1.442,-140.94886832931624
176,-1.8338816989216582,0.7670875623091211,-5.188064087112869,1.4456936283281916,-1.4483299875048095,-0.07007779315967633,10.786023921517128,1.149511461485805,-0.05,0.467,-67.48273374751857
177,-1.8338816989216582,0.7670875623091211,-5.188064087112869,1.4456936283281916,-1.4483299875048095,-0.07007779315967633,10.786023921517128,1.149511461485805,0.623,0.028,43.5259688187611
178,-1.8338816989216582,0.7670875623091211,-5.188064087112869,1.4456936283281916,-1.4483299875048095,-0.07007779315967633,10.786023921517128,1.149511461485805,-0.82,0.62,-143.58631704515486
179,-1.8338816989216582,0.7670875623091211,-5.188064087112869,1.4456936283281916,-1.4483299875048095,-0.07007779315967633,10.786023921517128,1.149511461485805,0.22,0.3,-39.06473299365652
180,-1.6255874367432088,-1.0919171271363972,-0.8449789058869861,-0.7118380834816904,0.19560873133862433,1.020619932645141,9.133167099511613,1.6747795489467299,-1.0,0.0,25.259951975469527
181,-1.6255874367432088,-1.0919171271363972,-0.8449789058869861,-0.7118380834816904,0.19560873133862433,1.020619932645141,9.133167099511613,1.6747795489467299,-1.0,0.375,-19.222727428905607
182,-1.6255874367432088,-1.0919171271363972,-0.8449789058869861,-0.7118380834816904,0.19560873133862433,1.020619932645141,9.133167099511613,1.6747795489467299,-1.0,0.75,-107.4533942082251
183,-1.6255874367432088,-1.0919171271363972,-0.8449789058869861,-0.7118380834816904,0.19560873133862433,1.020619932645141,9.133167099511613,1.6747795489467299,-1.0,1.125,-291.0005203211944
184,-1.6255874367432088,-1.0919171271363972,-0.8449789058869861,-0.7118380834816904,0.19560873133862433,1.020619932645141,9.133167099511613,1.6747795489467299,-1.0,1.5,-119.75976183195975
185,-1.6255874367432088,-1.0919171271363972,-0.8449789058869861,-0.7118380834816904,0.19560873133862433,1.020619932645141,9.133167099511613,1.6747795489467299,-0.625,0.0,4.478120658067468
186,-1.6255874367432088,-1.0919171271363972,-0.8449789058869861,-0.7118380834816904,0.19560873133862433,1.020619932645141,9.133167099511613,1.6747795489467299,-0.625,0.375,-49.177972623742875
187,-1.6255874367432088,-1.0919171271363972,-0.8449789058869861,-0.7118380834816904,0.19560873133862433,1.020619932645141,9.133167099511613,1.6747795489467299,-0.625,0.75,-27.88164982338101
188,-1.6255874367432088,-1.0919171271363972,-0.8449789058869861,-0.7118380834816904,0.19560873133862433,1.020619932645141,9.133167099511613,1.6747795489467299,-0.625,1.125,-89.23849853455178
189,-1.6255874367432088,-1.0919171271363972,-0.8449789058869861,-0.7118380834816904,0.19560873133862433,1.020619932645141,9.133167099511613,1.6747795489467299,-0.625,1.5,-145.64106827169323
190,-1.6255874367432088,-1.0919171271363972,-0.8449789058869861,-0.7118380834816904,0.19560873133862433,1.020619932645141,9.133167099511613,1.6747795489467299,-0.25,0.0,-18.720295153310953
191,-1.6255874367432088,-1.0919171271363972,-0.8449789058869861,-0.7118380834816904,0.19560873133862433,1.020619932645141,9.133167099511613,1.6747795489467299,-0.25,0.375,-79.98561417422228
192,-1.6255874367432088,-1.0919171271363972,-0.8449789058869861,-0.7118380834816904,0.19560873133862433,1.020619932645141,9.133167099511613,1.6747795489467299,-0.25,0.75,-40.03398951332019
193,-1.6255874367432088,-1.0919171271363972,-0.8449789058869861,-0.7118380834816904,0.19560873133862433,1.020619932645141,9.133167099511613,1.6747795489467299,-0.25,1.125,-17.172147294232296
194,-1.6255874367432088,-1.0919171271363972,-0.8449789058869861,-0.7118380834816904,0.19560873133862433,1.020619932645141,9.133167099511613,1.6747795489467299,-0.25,1.5,-138.82195579794384
195,-1.6255874367432088,-1.0919171271363972,-0.8449789058869861,-0.7118380834816904,0.19560873133862433,1.020619932645141,9.133167099511613,1.6747795489467299,0.125,0.0,-63.318219344165065
196,-1.6255874367432088,-1.0919171271363972,-0.8449789058869861,-0.7118380834816904,0.19560873133862433,1.020619932645141,9.133167099511613,1.6747795489467299,0.125,0.375,-93.5310194900749
197,-1.6255874367432088,-1.0919171271363972,-0.8449789058869861,-0.7118380834816904,0.19560873133862433,1.020619932645141,9.133167099511613,1.6747795489467299,0.125,0.75,-50.57811672492336
198,-1.6255874367432088,-1.0919171271363972,-0.8449789058869861,-0.7118380834816904,0.19560873133862433,1.020619932645141,9.133167099511613,1.6747795489467299,0.125,1.125,-0.10687454141346908
199,-1.6255874367432088,-1.0919171271363972,-0.8449789058869861,-0.7118380834816904,0.19560873133862433,1.020619932645141,9.133167099511613,1.6747795489467299,0.125,1.5,-103.59435845503921
200,-1.6255874367432088,-1.0919171271363972,-0.8449789058869861,-0.7118380834816904,0.19560873133862433,1.020619932645141,9.133167099511613,1.6747795489467299,0.5,0.0,-137.5560086039794
201,-1.6255874367432088,-1.0919171271363972,-0.8449789058869861,-0.7118380834816904,0.19560873133862433,1.020619932645141,9.133167099511613,1.6747795489467299,0.5,0.375,-91.7199919797846
202,-1.6255874367432088,-1.0919171271363972,-0.8449789058869861,-0.7118380834816904,0.19560873133862433,1.020619932645141,9.133167099511613,1.6747795489467299,0.5,0.75,-45.04555256450369
203,-1.6255874367432088,-1.0919171271363972,-0.8449789058869861,-0.7118380834816904,0.19560873133862433,1.020619932645141,9.133167099511613,1.6747795489467299,0.5,1.125,1.1249007891409342
204,-1.6255874367432088,-1.0919171271363972,-0.8449789058869861,-0.7118380834816904,0.19560873133862433,1.020619932645141,9.133167099511613,1.6747795489467299,0.5,1.5,-60.38404645128473
205,-1.6255874367432088,-1.0919171271363972,-0.8449789058869861,-0.7118380834816904,0.19560873133862433,1.020619932645141,9.133167099511613,1.6747795489467299,-0.558,1.442,-150.27359425475348
206,-1.6255874367432088,-1.0919171271363972,-0.8449789058869861,-0.7118380834816904,0.19560873133862433,1.020619932645141,9.133167099511613,1.6747795489467299,-0.05,0.467,-98.11187414653466
207,-1.6255874367432088,-1.0919171271363972,-0.8449789058869861,-0.7118380834816904,0.19560873133862433,1.020619932645141,9.133167099511613,1.6747795489467299,0.623,0.028,-162.083894079673
208,-1.6255874367432088,-1.0919171271363972,-0.8449789058869861,-0.7118380834816904,0.19560873133862433,1.020619932645141,9.133167099511613,1.6747795489467299,-0.82,0.62,-36.433795314069044
209,-1.6255874367432088,-1.0919171271363972,-0.8449789058869861,-0.7118380834816904,0.19560873133862433,1.020619932645141,9.133167099511613,1.6747795489467299,0.22,0.3,-87.92760758092092
210,1.5404777254538389,0.11343874322537362,-8.004891996306242,-0.18118254018402502,-1.1418780458828546,-1.0773518569931912,7.2555299943558955,0.775326337152479,-1.0,0.0,-94841.88413172071
211,1.5404777254538389,0.11343874322537362,-8.004891996306242,-0.18118254018402502,-1.1418780458828546,-1.0773518569931912,7.2555299943558955,0.775326337152479,-1.0,0.375,-54806.40014583903
212,1.5404777254538389,0.11343874322537362,-8.004891996306242,-0.18118254018402502,-1.1418780458828546,-1.0773518569931912,7.2555299943558955,0.775326337152479,-1.0,0.75,-1968.8656599534602
213,1.5404777254538389,0.11343874322537362,-8.004891996306242,-0.18118254018402502,-1.1418780458828546,-1.0773518569931912,7.2555299943558955,0.775326337152479,-1.0,1.125,-29.107822682154495
214,1.5404777254538389,0.11343874322537362,-8.004891996306242,-0.18118254018402502,-1.1418780458828546,-1.0773518569931912,7.2555299943558955,0.775326337152479,-1.0,1.5,-5.125613117301519
215,1.5404777254538389,0.11343874322537362,-8.004891996306242,-0.18118254018402502,-1.1418780458828546,-1.0773518569931912,7.2555299943558955,0.775326337152479,-0.625,0.0,-11670.046861198553
216,1.5404777254538389,0.11343874322537362,-8.004891996306242,-0.18118254018402502,-1.1418780458828546,-1.0773518569931912,7.2555299943558955,0.775326337152479,-0.625,0.375,-5809.197814057599
217,1.5404777254538389,0.11343874322537362,-8.004891996306242,-0.18118254018402502,-1.1418780458828546,-1.0773518569931912,7.2555299943558955,0.775326337152479,-0.625,0.75,-229.145260966219
218,1.5404777254538389,0.11343874322537362,-8.004891996306242,-0.18118254018402502,-1.1418780458828546,-1.0773518569931912,7.2555299943558955,0.775326337152479,-0.625,1.125,-72.67366083169244
219,1.5404777254538389,0.11343874322537362,-8.004891996306242,-0.18118254018402502,-1.1418780458828546,-1.0773518569931912,7.2555299943558955,0.775326337152479,-0.625,1.5,-129.87756572820763
220,1.5404777254538389,0.11343874322537362,-8.004891996306242,-0.18118254018402502,-1.1418780458828546,-1.0773518569931912,7.2555299943558955,0.775326337152479,-0.25,0.0,-2212.088366053713
221,1.5404777254538389,0.11343874322537362,-8.004891996306242,-0.18118254018402502,-1.1418780458828546,-1.0773518569931912,7.2555299943558955,0.775326337152479,-0.25,0.375,-1000.109574892147
222,1.5404777254538389,0.11343874322537362,-8.004891996306242,-0.18118254018402502,-1.1418780458828546,-1.0773518569931912,7.2555299943558955,0.775326337152479,-0.25,0.75,-69.46257962914834
223,1.5404777254538389,0.11343874322537362,-8.004891996306242,-0.18118254018402502,-1.1418780458828546,-1.0773518569931912,7.2555299943558955,0.775326337152479,-0.25,1.125,-8.635282708852193
224,1.5404777254538389,0.11343874322537362,-8.004891996306242,-0.18118254018402502,-1.1418780458828546,-1.0773518569931912,7.2555299943558955,0.775326337152479,-0.25,1.5,-81.50218850888999
225,1.5404777254538389,0.11343874322537362,-8.004891996306242,-0.18118254018402502,-1.1418780458828546,-1.0773518569931912,7.2555299943558955,0.775326337152479,0.125,0.0,-649.2594246911289
226,1.5404777254538389,0.11343874322537362,-8.004891996306242,-0.18118254018402502,-1.1418780458828546,-1.0773518569931912,7.2555299943558955,0.775326337152479,0.125,0.375,-309.921667140894
227,1.5404777254538389,0.11343874322537362,-8.004891996306242,-0.18118254018402502,-1.1418780458828546,-1.0773518569931912,7.2555299943558955,0.775326337152479,0.125,0.75,-46.79728581729232
228,1.5404777254538389,0.11343874322537362,-8.004891996306242,-0.18118254018402502,-1.1418780458828546,-1.0773518569931912,7.2555299943558955,0.775326337152479,0.125,1.125,11.041807814648983
229,1.5404777254538389,0.11343874322537362,-8.004891996306242,-0.18118254018402502,-1.1418780458828546,-1.0773518569931912,7.2555299943558955,0.775326337152479,0.125,1.5,14.515053298237255
230,1.5404777254538389,0.11343874322537362,-8.004891996306242,-0.18118254018402502,-1.1418780458828546,-1.0773518569931912,7.2555299943558955,0.775326337152479,0.5,0.0,-298.7326160099285
231,1.5404777254538389,0.11343874322537362,-8.004891996306242,-0.18118254018402502,-1.1418780458828546,-1.0773518569931912,7.2555299943558955,0.775326337152479,0.5,0.375,-177.02000803661605
232,1.5404777254538389,0.11343874322537362,-8.004891996306242,-0.18118254018402502,-1.1418780458828546,-1.0773518569931912,7.2555299943558955,0.775326337152479,0.5,0.75,-41.96039763816413
233,1.5404777254538389,0.11343874322537362,-8.004891996306242,-0.18118254018402502,-1.1418780458828546,-1.0773518569931912,7.2555299943558955,0.775326337152479,0.5,1.125,10.185100379052454
234,1.5404777254538389,0.11343874322537362,-8.004891996306242,-0.18118254018402502,-1.1418780458828546,-1.0773518569931912,7.2555299943558955,0.775326337152479,0.5,1.5,21.201733152956084
235,1.5404777254538389,0.11343874322537362,-8.004891996306242,-0.18118254018402502,-1.1418780458828546,-1.0773518569931912,7.2555299943558955,0.775326337152479,-0.558,1.442,-146.61508812444117
236,1.5404777254538389,0.11343874322537362,-8.004891996306242,-0.18118254018402502,-1.1418780458828546,-1.0773518569931912,7.2555299943558955,0.775326337152479,-0.05,0.467,-304.37256066858845
237,1.5404777254538389,0.11343874322537362,-8.004891996306242,-0.18118254018402502,-1.1418780458828546,-1.0773518569931912,7.2555299943558955,0.775326337152479,0.623,0.028,-260.1557311310701
238,1.5404777254538389,0.11343874322537362,-8.004891996306242,-0.18118254018402502,-1.1418780458828546,-1.0773518569931912,7.2555299943558955,0.775326337152479,-0.82,0.62,-2646.2128528627713
239,1.5404777254538389,0.11343874322537362,-8.004891996306242,-0.18118254018402502,-1.1418780458828546,-1.0773518569931912,7.2555299943558955,0.775326337152479,0.22,0.3,-333.5174838441609
240,-1.3695688345302317,1.6472251214530682,-9.147068887942162,-0.4039110728936868,1.3660747190257951,0.38542295980624797,12.91611828358321,1.7587765947442575,-1.0,0.0,-22.434697224927337
241,-1.3695688345302317,1.6472251214530682,-9.147068887942162,-0.4039110728936868,1.3660747190257951,0.38542295980624797,12.91611828358321,1.7587765947442575,-1.0,0.375,-453.0251745906352
242,-1.3695688345302317,1.6472251214530682,-9.147068887942162,-0.4039110728936868,1.3660747190257951,0.38542295980624797,12.91611828358321,1.7587765947442575,-1.0,0.75,-293.3536605845606
243,-1.3695688345302317,1.6472251214530682,-9.147068887942162,-0.4039110728936868,1.3660747190257951,0.38542295980624797,12.91611828358321,1.7587765947442575,-1.0,1.125,-71.04674230559125
244,-1.3695688345302317,1.6472251214530682,-9.147068887942162,-0.4039110728936868,1.3660747190257951,0.38542295980624797,12.91611828358321,1.7587765947442575,-1.0,1.5,0.5816171820765206
245,-1.3695688345302317,1.6472251214530682,-9.147068887942162,-0.4039110728936868,1.3660747190257951,0.38542295980624797,12.91611828358321,1.7587765947442575,-0.625,0.0,-8.239571617172706
246,-1.3695688345302317,1.6472251214530682,-9.147068887942162,-0.4039110728936868,1.3660747190257951,0.38542295980624797,12.91611828358321,1.7587765947442575,-0.625,0.375,-156.23057211878108
247,-1.3695688345302317,1.6472251214530682,-9.147068887942162,-0.4039110728936868,1.3660747190257951,0.38542295980624797,12.91611828358321,1.7587765947442575,-0.625,0.75,-96.13254598750568
248,-1.3695688345302317,1.6472251214530682,-9.147068887942162,-0.4039110728936868,1.3660747190257951,0.38542295980624797,12.91611828358321,1.7587765947442575,-0.625,1.125,-95.96390409754608
249,-1.3695688345302317,1.6472251214530682,-9.147068887942162,-0.4039110728936868,1.3660747190257951,0.38542295980624797,12.91611828358321,1.7587765947442575,-0.625,1.5,-123.8893447482864
250,-1.3695688345302317,1.6472251214530682,-9.147068887942162,-0.4039110728936868,1.3660747190257951,0.38542295980624797,12.91611828358321,1.7587765947442575,-0.25,0.0,-26.6447059702084
251,-1.3695688345302317,1.6472251214530682,-9.147068887942162,-0.4039110728936868,1.3660747190257951,0.38542295980624797,12.91611828358321,1.7587765947442575,-0.25,0.375,-92.11039440439006
252,-1.3695688345302317,1.6472251214530682,-9.147068887942162,-0.4039110728936868,1.3660747190257951,0.38542295980624797,12.91611828358321,1.7587765947442575,-0.25,0.75,-49.183422892266506
253,-1.3695688345302317,1.6472251214530682,-9.147068887942162,-0.4039110728936868,1.3660747190257951,0.38542295980624797,12.91611828358321,1.7587765947442575,-0.25,1.125,0.6860133605946057
254,-1.3695688345302317,1.6472251214530682,-9.147068887942162,-0.4039110728936868,1.3660747190257951,0.38542295980624797,12.91611828358321,1.7587765947442575,-0.25,1.5,-68.44821347188982
255,-1.3695688345302317,1.6472251214530682,-9.147068887942162,-0.4039110728936868,1.3660747190257951,0.38542295980624797,12.91611828358321,1.7587765947442575,0.125,0.0,-75.80447553593432
256,-1.3695688345302317,1.6472251214530682,-9.147068887942162,-0.4039110728936868,1.3660747190257951,0.38542295980624797,12.91611828358321,1.7587765947442575,0.125,0.375,-94.77482152389416
257,-1.3695688345302317,1.6472251214530682,-9.147068887942162,-0.4039110728936868,1.3660747190257951,0.38542295980624797,12.91611828358321,1.7587765947442575,0.125,0.75,-49.959287216558835
258,-1.3695688345302317,1.6472251214530682,-9.147068887942162,-0.4039110728936868,1.3660747190257951,0.38542295980624797,12.91611828358321,1.7587765947442575,0.125,1.125,9.427917774698548
259,-1.3695688345302317,1.6472251214530682,-9.147068887942162,-0.4039110728936868,1.3660747190257951,0.38542295980624797,12.91611828358321,1.7587765947442575,0.125,1.5,24.04597243836396
260,-1.3695688345302317,1.6472251214530682,-9.147068887942162,-0.4039110728936868,1.3660747190257951,0.38542295980624797,12.91611828358321,1.7587765947442575,0.5,0.0,-152.39647066680712
261,-1.3695688345302317,1.6472251214530682,-9.147068887942162,-0.4039110728936868,1.3660747190257951,0.38542295980624797,12.91611828358321,1.7587765947442575,0.5,0.375,-151.454959594561
262,-1.3695688345302317,1.6472251214530682,-9.147068887942162,-0.4039110728936868,1.3660747190257951,0.38542295980624797,12.91611828358321,1.7587765947442575,0.5,0.75,-81.82923909603154
263,-1.3695688345302317,1.6472251214530682,-9.147068887942162,-0.4039110728936868,1.3660747190257951,0.38542295980624797,12.91611828358321,1.7587765947442575,0.5,1.125,5.073578287780787
264,-1.3695688345302317,1.6472251214530682,-9.147068887942162,-0.4039110728936868,1.3660747190257951,0.38542295980624797,12.91611828358321,1.7587765947442575,0.5,1.5,26.906052751748838
265,-1.3695688345302317,1.6472251214530682,-9.147068887942162,-0.4039110728936868,1.3660747190257951,0.38542295980624797,12.91611828358321,1.7587765947442575,-0.558,1.442,-146.0547056265101
266,-1.3695688345302317,1.6472251214530682,-9.147068887942162,-0.4039110728936868,1.3660747190257951,0.38542295980624797,12.91611828358321,1.7587765947442575,-0.05,0.467,-96.72574962797468
267,-1.3695688345302317,1.6472251214530682,-9.147068887942162,-0.4039110728936868,1.3660747190257951,0.38542295980624797,12.91611828358321,1.7587765947442575,0.623,0.028,-178.60877759464654
268,-1.3695688345302317,1.6472251214530682,-9.147068887942162,-0.4039110728936868,1.3660747190257951,0.38542295980624797,12.91611828358321,1.7587765947442575,-0.82,0.62,-254.33155556254104
269,-1.3695688345302317,1.6472251214530682,-9.147068887942162,-0.4039110728936868,1.3660747190257951,0.38542295980624797,12.91611828358321,1.7587765947442575,0.22,0.3,-94.46627907570814
270,-0.8273453400355966,-0.344248254597985,-4.403813128756725,0.7808290926146637,-1.9453242327441571,1.300493337490325,7.9931235994763234,-1.348411437241217,-1.0,0.0,11.74145742453205
271,-0.8273453400355966,-0.344248254597985,-4.403813128756725,0.7808290926146637,-1.9453242327441571,1.300493337490325,7.9931235994763234,-1.348411437241217,-1.0,0.375,-60.66628860691476
272,-0.8273453400355966,-0.344248254597985,-4.403813128756725,0.7808290926146637,-1.9453242327441571,1.300493337490325,7.9931235994763234,-1.348411437241217,-1.0,0.75,-41.47788112940033
273,-0.8273453400355966,-0.344248254597985,-4.403813128756725,0.7808290926146637,-1.9453242327441571,1.300493337490325,7.9931235994763234,-1.348411437241217,-1.0,1.125,-86.9119734920967
274,-0.8273453400355966,-0.344248254597985,-4.403813128756725,0.7808290926146637,-1.9453242327441571,1.300493337490325,7.9931235994763234,-1.348411437241217,-1.0,1.5,-38.66634919611346
275,-0.8273453400355966,-0.344248254597985,-4.403813128756725,0.7808290926146637,-1.9453242327441571,1.300493337490325,7.9931235994763234,-1.348411437241217,-0.625,0.0,22.62082645992166
276,-0.8273453400355966,-0.344248254597985,-4.403813128756725,0.7808290926146637,-1.9453242327441571,1.300493337490325,7.9931235994763234,-1.348411437241217,-0.625,0.375,-70.75842639968945
277,-0.8273453400355966,-0.344248254597985,-4.403813128756725,0.7808290926146637,-1.9453242327441571,1.300493337490325,7.9931235994763234,-1.348411437241217,-0.625,0.75,-27.881586390952386
278,-0.8273453400355966,-0.344248254597985,-4.403813128756725,0.7808290926146637,-1.9453242327441571,1.300493337490325,7.9931235994763234,-1.348411437241217,-0.625,1.125,-77.70882707589871
279,-0.8273453400355966,-0.344248254597985,-4.403813128756725,0.7808290926146637,-1.9453242327441571,1.300493337490325,7.9931235994763234,-1.348411437241217,-0.625,1.5,-143.21010704019514
280,-0.8273453400355966,-0.344248254597985,-4.403813128756725,0.7808290926146637,-1.9453242327441571,1.300493337490325,7.9931235994763234,-1.348411437241217,-0.25,0.0,64.48436061973992
281,-0.8273453400355966,-0.344248254597985,-4.403813128756725,0.7808290926146637,-1.9453242327441571,1.300493337490325,7.9931235994763234,-1.348411437241217,-0.25,0.375,-63.121780317806206
282,-0.8273453400355966,-0.344248254597985,-4.403813128756725,0.7808290926146637,-1.9453242327441571,1.300493337490325,7.9931235994763234,-1.348411437241217,-0.25,0.75,-18.961832589355847
283,-0.8273453400355966,-0.344248254597985,-4.403813128756725,0.7808290926146637,-1.9453242327441571,1.300493337490325,7.9931235994763234,-1.348411437241217,-0.25,1.125,-5.337630091857093
284,-0.8273453400355966,-0.344248254597985,-4.403813128756725,0.7808290926146637,-1.9453242327441571,1.300493337490325,7.9931235994763234,-1.348411437241217,-0.25,1.5,-112.37958983495885
285,-0.8273453400355966,-0.344248254597985,-4.403813128756725,0.7808290926146637,-1.9453242327441571,1.300493337490325,7.9931235994763234,-1.348411437241217,0.125,0.0,256.2262918019585
286,-0.8273453400355966,-0.344248254597985,-4.403813128756725,0.7808290926146637,-1.9453242327441571,1.300493337490325,7.9931235994763234,-1.348411437241217,0.125,0.375,4.089189680826479
287,-0.8273453400355966,-0.344248254597985,-4.403813128756725,0.7808290926146637,-1.9453242327441571,1.300493337490325,7.9931235994763234,-1.348411437241217,0.125,0.75,4.676705277678479
288,-0.8273453400355966,-0.344248254597985,-4.403813128756725,0.7808290926146637,-1.9453242327441571,1.300493337490325,7.9931235994763234,-1.348411437241217,0.125,1.125,29.612469121192323
289,-0.8273453400355966,-0.344248254597985,-4.403813128756725,0.7808290926146637,-1.9453242327441571,1.300493337490325,7.9931235994763234,-1.348411437241217,0.125,1.5,-7.955231271303454
290,-0.8273453400355966,-0.344248254597985,-4.403813128756725,0.7808290926146637,-1.9453242327441571,1.300493337490325,7.9931235994763234,-1.348411437241217,0.5,0.0,1154.763832791419
291,-0.8273453400355966,-0.344248254597985,-4.403813128756725,0.7808290926146637,-1.9453242327441571,1.300493337490325,7.9931235994763234,-1.348411437241217,0.5,0.375,274.68338628452295
292,-0.8273453400355966,-0.344248254597985,-4.403813128756725,0.7808290926146637,-1.9453242327441571,1.300493337490325,7.9931235994763234,-1.348411437241217,0.5,0.75,91.55551862916167
293,-0.8273453400355966,-0.344248254597985,-4.403813128756725,0.7808290926146637,-1.9453242327441571,1.300493337490325,7.9931235994763234,-1.348411437241217,0.5,1.125,65.42536179777986
294,-0.8273453400355966,-0.344248254597985,-4.403813128756725,0.7808290926146637,-1.9453242327441571,1.300493337490325,7.9931235994763234,-1.348411437241217,0.5,1.5,35.57313644506098
295,-0.8273453400355966,-0.344248254597985,-4.403813128756725,0.7808290926146637,-1.9453242327441571,1.300493337490325,7.9931235994763234,-1.348411437241217,-0.558,1.442,-152.95680253571837
296,-0.8273453400355966,-0.344248254597985,-4.403813128756725,0.7808290926146637,-1.9453242327441571,1.300493337490325,7.9931235994763234,-1.348411437241217,-0.05,0.467,-49.31009876537763
297,-0.8273453400355966,-0.344248254597985,-4.403813128756725,0.7808290926146637,-1.9453242327441571,1.300493337490325,7.9931235994763234,-1.348411437241217,0.623,0.028,1720.696736658909
298,-0.8273453400355966,-0.344248254597985,-4.403813128756725,0.7808290926146637,-1.9453242327441571,1.300493337490325,7.9931235994763234,-1.348411437241217,-0.82,0.62,-50.96119535987853
299,-0.8273453400355966,-0.344248254597985,-4.403813128756725,0.7808290926146637,-1.9453242327441571,1.300493337490325,7.9931235994763234,-1.348411437241217,0.22,0.3,73.99477653990417
300,-1.0850445958732315,-0.4912069576506306,-2.4451726247951653,-1.308497494911072,0.7587953831958614,-1.3292729128021654,5.167710512157492,0.21518381102665973,-1.0,0.0,25.01350066306122
301,-1.0850445958732315,-0.4912069576506306,-2.4451726247951653,-1.308497494911072,0.7587953831958614,-1.3292729128021654,5.167710512157492,0.21518381102665973,-1.0,0.375,-25.421190383711007
302,-1.0850445958732315,-0.4912069576506306,-2.4451726247951653,-1.308497494911072,0.7587953831958614,-1.3292729128021654,5.167710512157492,0.21518381102665973,-1.0,0.75,-46.54091950745415
303,-1.0850445958732315,-0.4912069576506306,-2.4451726247951653,-1.308497494911072,0.7587953831958614,-1.3292729128021654,5.167710512157492,0.21518381102665973,-1.0,1.125,-85.11482230333063
304,-1.0850445958732315,-0.4912069576506306,-2.4451726247951653,-1.308497494911072,0.7587953831958614,-1.3292729128021654,5.167710512157492,0.21518381102665973,-1.0,1.5,-74.39207928087835
305,-1.0850445958732315,-0.4912069576506306,-2.4451726247951653,-1.308497494911072,0.7587953831958614,-1.3292729128021654,5.167710512157492,0.21518381102665973,-0.625,0.0,7.314517514719888
306,-1.0850445958732315,-0.4912069576506306,-2.4451726247951653,-1.308497494911072,0.7587953831958614,-1.3292729128021654,5.167710512157492,0.21518381102665973,-0.625,0.375,-49.88941725195945
307,-1.0850445958732315,-0.4912069576506306,-2.4451726247951653,-1.308497494911072,0.7587953831958614,-1.3292729128021654,5.167710512157492,0.21518381102665973,-0.625,0.75,-48.480114195241164
308,-1.0850445958732315,-0.4912069576506306,-2.4451726247951653,-1.308497494911072,0.7587953831958614,-1.3292729128021654,5.167710512157492,0.21518381102665973,-0.625,1.125,-73.62346777862832
309,-1.0850445958732315,-0.4912069576506306,-2.4451726247951653,-1.308497494911072,0.7587953831958614,-1.3292729128021654,5.167710512157492,0.21518381102665973,-0.625,1.5,-148.15858264005337
310,-1.0850445958732315,-0.4912069576506306,-2.4451726247951653,-1.308497494911072,0.7587953831958614,-1.3292729128021654,5.167710512157492,0.21518381102665973,-0.25,0.0,-31.13479880653581
311,-1.0850445958732315,-0.4912069576506306,-2.4451726247951653,-1.308497494911072,0.7587953831958614,-1.3292729128021654,5.167710512157492,0.21518381102665973,-0.25,0.375,-77.34682447175736
312,-1.0850445958732315,-0.4912069576506306,-2.4451726247951653,-1.308497494911072,0.7587953831958614,-1.3292729128021654,5.167710512157492,0.21518381102665973,-0.25,0.75,-50.689994819197175
313,-1.0850445958732315,-0.4912069576506306,-2.4451726247951653,-1.308497494911072,0.7587953831958614,-1.3292729128021654,5.167710512157492,0.21518381102665973,-0.25,1.125,-31.0220560744592
314,-1.0850445958732315,-0.4912069576506306,-2.4451726247951653,-1.308497494911072,0.7587953831958614,-1.3292729128021654,5.167710512157492,0.21518381102665973,-0.25,1.5,-136.63533866388715
315,-1.0850445958732315,-0.4912069576506306,-2.4451726247951653,-1.308497494911072,0.7587953831958614,-1.3292729128021654,5.167710512157492,0.21518381102665973,0.125,0.0,-91.4706913011015
316,-1.0850445958732315,-0.4912069576506306,-2.4451726247951653,-1.308497494911072,0.7587953831958614,-1.3292729128021654,5.167710512157492,0.21518381102665973,0.125,0.375,-100.07612709034356
317,-1.0850445958732315,-0.4912069576506306,-2.4451726247951653,-1.308497494911072,0.7587953831958614,-1.3292729128021654,5.167710512157492,0.21518381102665973,0.125,0.75,-48.4808208640384
318,-1.0850445958732315,-0.4912069576506306,-2.4451726247951653,-1.308497494911072,0.7587953831958614,-1.3292729128021654,5.167710512157492,0.21518381102665973,0.125,1.125,-6.625703743165716
319,-1.0850445958732315,-0.4912069576506306,-2.4451726247951653,-1.308497494911072,0.7587953831958614,-1.3292729128021654,5.167710512157492,0.21518381102665973,0.125,1.5,-61.56254821641538
320,-1.0850445958732315,-0.4912069576506306,-2.4451726247951653,-1.308497494911072,0.7587953831958614,-1.3292729128021654,5.167710512157492,0.21518381102665973,0.5,0.0,-161.4536209320332
321,-1.0850445958732315,-0.4912069576506306,-2.4451726247951653,-1.308497494911072,0.7587953831958614,-1.3292729128021654,5.167710512157492,0.21518381102665973,0.5,0.375,-113.76719975028165
322,-1.0850445958732315,-0.4912069576506306,-2.4451726247951653,-1.308497494911072,0.7587953831958614,-1.3292729128021654,5.167710512157492,0.21518381102665973,0.5,0.75,-39.75386743613486
323,-1.0850445958732315,-0.4912069576506306,-2.4451726247951653,-1.308497494911072,0.7587953831958614,-1.3292729128021654,5.167710512157492,0.21518381102665973,0.5,1.125,-1.1944036086065837
324,-1.0850445958732315,-0.4912069576506306,-2.4451726247951653,-1.308497494911072,0.7587953831958614,-1.3292729128021654,5.167710512157492,0.21518381102665973,0.5,1.5,-13.637440633604847
325,-1.0850445958732315,-0.4912069576506306,-2.4451726247951653,-1.308497494911072,0.7587953831958614,-1.3292729128021654,5.167710512157492,0.21518381102665973,-0.558,1.442,-153.987001864889
326,-1.0850445958732315,-0.4912069576506306,-2.4451726247951653,-1.308497494911072,0.7587953831958614,-1.3292729128021654,5.167710512157492,0.21518381102665973,-0.05,0.467,-98.25723248342952
327,-1.0850445958732315,-0.4912069576506306,-2.4451726247951653,-1.308497494911072,0.7587953831958614,-1.3292729128021654,5.167710512157492,0.21518381102665973,0.623,0.028,-181.22762652974308
328,-1.0850445958732315,-0.4912069576506306,-2.4451726247951653,-1.308497494911072,0.7587953831958614,-1.3292729128021654,5.167710512157492,0.21518381102665973,-0.82,0.62,-59.00026471147244
329,-1.0850445958732315,-0.4912069576506306,-2.4451726247951653,-1.308497494911072,0.7587953831958614,-1.3292729128021654,5.167710512157492,0.21518381102665973,0.22,0.3,-102.0761949745942
330,1.4561477182620286,-0.8752416307930586,-6.597791649056782,-1.5549415283711228,-0.062114572461174467,-1.6920788871768537,14.000794930023984,1.432244121732829,-1.0,0.0,-67676.31121602164
331,1.4561477182620286,-0.8752416307930586,-6.597791649056782,-1.5549415283711228,-0.062114572461174467,-1.6920788871768537,14.000794930023984,1.432244121732829,-1.0,0.375,-17415.062080602733
332,1.4561477182620286,-0.8752416307930586,-6.597791649056782,-1.5549415283711228,-0.062114572461174467,-1.6920788871768537,14.000794930023984,1.432244121732829,-1.0,0.75,-447.24632308454505
333,1.4561477182620286,-0.8752416307930586,-6.597791649056782,-1.5549415283711228,-0.062114572461174467,-1.6920788871768537,14.000794930023984,1.432244121732829,-1.0,1.125,-168.30533240411324
334,1.4561477182620286,-0.8752416307930586,-6.597791649056782,-1.5549415283711228,-0.062114572461174467,-1.6920788871768537,14.000794930023984,1.432244121732829,-1.0,1.5,-14.808110325150345
335,1.4561477182620286,-0.8752416307930586,-6.597791649056782,-1.5549415283711228,-0.062114572461174467,-1.6920788871768537,14.000794930023984,1.432244121732829,-0.625,0.0,-9342.297903285475
336,1.4561477182620286,-0.8752416307930586,-6.597791649056782,-1.5549415283711228,-0.062114572461174467,-1.6920788871768537,14.000794930023984,1.432244121732829,-0.625,0.375,-2422.6912028524775
337,1.4561477182620286,-0.8752416307930586,-6.597791649056782,-1.5549415283711228,-0.062114572461174467,-1.6920788871768537,14.000794930023984,1.432244121732829,-0.625,0.75,-89.62622414257054
338,1.4561477182620286,-0.8752416307930586,-6.597791649056782,-1.5549415283711228,-0.062114572461174467,-1.6920788871768537,14.000794930023984,1.432244121732829,-0.625,1.125,-108.27069889456074
339,1.4561477182620286,-0.8752416307930586,-6.597791649056782,-1.5549415283711228,-0.062114572461174467,-1.6920788871768537,14.000794930023984,1.432244121732829,-0.625,1.5,-134.5743697567669
340,1.4561477182620286,-0.8752416307930586,-6.597791649056782,-1.5549415283711228,-0.062114572461174467,-1.6920788871768537,14.000794930023984,1.432244121732829,-0.25,0.0,-1948.0203234040077
341,1.4561477182620286,-0.8752416307930586,-6.597791649056782,-1.5549415283711228,-0.062114572461174467,-1.6920788871768537,14.000794930023984,1.432244121732829,-0.25,0.375,-563.5947736988135
342,1.4561477182620286,-0.8752416307930586,-6.597791649056782,-1.5549415283711228,-0.062114572461174467,-1.6920788871768537,14.000794930023984,1.432244121732829,-0.25,0.75,-58.98381493130024
343,1.4561477182620286,-0.8752416307930586,-6.597791649056782,-1.5549415283711228,-0.062114572461174467,-1.6920788871768537,14.000794930023984,1.432244121732829,-0.25,1.125,-7.39854036989976
344,1.4561477182620286,-0.8752416307930586,-6.597791649056782,-1.5549415283711228,-0.062114572461174467,-1.6920788871768537,14.000794930023984,1.432244121732829,-0.25,1.5,-99.8115020646065
345,1.4561477182620286,-0.8752416307930586,-6.597791649056782,-1.5549415283711228,-0.062114572461174467,-1.6920788871768537,14.000794930023984,1.432244121732829,0.125,0.0,-617.9877111256949
346,1.4561477182620286,-0.8752416307930586,-6.597791649056782,-1.5549415283711228,-0.062114572461174467,-1.6920788871768537,14.000794930023984,1.432244121732829,0.125,0.375,-238.1491757851313
347,1.4561477182620286,-0.8752416307930586,-6.597791649056782,-1.5549415283711228,-0.062114572461174467,-1.6920788871768537,14.000794930023984,1.432244121732829,0.125,0.75,-50.90737386754975
348,1.4561477182620286,-0.8752416307930586,-6.597791649056782,-1.5549415283711228,-0.062114572461174467,-1.6920788871768537,14.000794930023984,1.432244121732829,0.125,1.125,0.6567998563540283
349,1.4561477182620286,-0.8752416307930586,-6.597791649056782,-1.5549415283711228,-0.062114572461174467,-1.6920788871768537,14.000794930023984,1.432244121732829,0.125,1.5,-7.3319979287129335
350,1.4561477182620286,-0.8752416307930586,-6.597791649056782,-1.5549415283711228,-0.062114572461174467,-1.6920788871768537,14.000794930023984,1.432244121732829,0.5,0.0,-297.7870753144947
351,1.4561477182620286,-0.8752416307930586,-6.597791649056782,-1.5549415283711228,-0.062114572461174467,-1.6920788871768537,14.000794930023984,1.432244121732829,0.5,0.375,-147.596240197179
352,1.4561477182620286,-0.8752416307930586,-6.597791649056782,-1.5549415283711228,-0.062114572461174467,-1.6920788871768537,14.000794930023984,1.432244121732829,0.5,0.75,-35.5936648679698
353,1.4561477182620286,-0.8752416307930586,-6.597791649056782,-1.5549415283711228,-0.062114572461174467,-1.6920788871768537,14.000794930023984,1.432244121732829,0.5,1.125,-0.3540933909883187
354,1.4561477182620286,-0.8752416307930586,-6.597791649056782,-1.5549415283711228,-0.062114572461174467,-1.6920788871768537,14.000794930023984,1.432244121732829,0.5,1.5,1.3485421418035135
355,1.4561477182620286,-0.8752416307930586,-6.597791649056782,-1.5549415283711228,-0.062114572461174467,-1.6920788871768537,14.000794930023984,1.432244121732829,-0.558,1.442,-153.75229814348438
356,1.4561477182620286,-0.8752416307930586,-6.597791649056782,-1.5549415283711228,-0.062114572461174467,-1.6920788871768537,14.000794930023984,1.432244121732829,-0.05,0.467,-212.21265170340672
357,1.4561477182620286,-0.8752416307930586,-6.597791649056782,-1.5549415283711228,-0.062114572461174467,-1.6920788871768537,14.000794930023984,1.432244121732829,0.623,0.028,-256.7942918715452
358,1.4561477182620286,-0.8752416307930586,-6.597791649056782,-1.5549415283711228,-0.062114572461174467,-1.6920788871768537,14.000794930023984,1.432244121732829,-0.82,0.62,-642.7332453432269
359,1.4561477182620286,-0.8752416307930586,-6.597791649056782,-1.5549415283711228,-0.062114572461174467,-1.6920788871768537,14.000794930023984,1.432244121732829,0.22,0.3,-268.694170904916
360,0.2049440826818718,0.17634979066423684,-1.5410224734782698,1.9417190228805645,-0.6044430101593246,0.7956871508575967,12.32332032253123,-0.7188372076710039,-1.0,0.0,-438.8994788947647
361,0.2049440826818718,0.17634979066423684,-1.5410224734782698,1.9417190228805645,-0.6044430101593246,0.7956871508575967,12.32332032253123,-0.7188372076710039,-1.0,0.375,-299.73644160512265
362,0.2049440826818718,0.17634979066423684,-1.5410224734782698,1.9417190228805645,-0.6044430101593246,0.7956871508575967,12.32332032253123,-0.7188372076710039,-1.0,0.75,-344.26233660679827
363,0.2049440826818718,0.17634979066423684,-1.5410224734782698,1.9417190228805645,-0.6044430101593246,0.7956871508575967,12.32332032253123,-0.7188372076710039,-1.0,1.125,-453.6614090013956
364,0.2049440826818718,0.17634979066423684,-1.5410224734782698,1.9417190228805645,-0.6044430101593246,0.7956871508575967,12.32332032253123,-0.7188372076710039,-1.0,1.5,-97.78079397226321
365,0.2049440826818718,0.17634979066423684,-1.5410224734782698,1.9417190228805645,-0.6044430101593246,0.7956871508575967,12.32332032253123,-0.7188372076710039,-0.625,0.0,-302.9137693132993
366,0.2049440826818718,0.17634979066423684,-1.5410224734782698,1.9417190228805645,-0.6044430101593246,0.7956871508575967,12.32332032253123,-0.7188372076710039,-0.625,0.375,-188.8032998544684
367,0.2049440826818718,0.17634979066423684,-1.5410224734782698,1.9417190228805645,-0.6044430101593246,0.7956871508575967,12.32332032253123,-0.7188372076710039,-0.625,0.75,-44.81135505595378
368,0.2049440826818718,0.17634979066423684,-1.5410224734782698,1.9417190228805645,-0.6044430101593246,0.7956871508575967,12.32332032253123,-0.7188372076710039,-0.625,1.125,-100.86396064422271
369,0.2049440826818718,0.17634979066423684,-1.5410224734782698,1.9417190228805645,-0.6044430101593246,0.7956871508575967,12.32332032253123,-0.7188372076710039,-0.625,1.5,-145.44009626188165
370,0.2049440826818718,0.17634979066423684,-1.5410224734782698,1.9417190228805645,-0.6044430101593246,0.7956871508575967,12.32332032253123,-0.7188372076710039,-0.25,0.0,-130.27836202156365
371,0.2049440826818718,0.17634979066423684,-1.5410224734782698,1.9417190228805645,-0.6044430101593246,0.7956871508575967,12.32332032253123,-0.7188372076710039,-0.25,0.375,-95.96158690885956
372,0.2049440826818718,0.17634979066423684,-1.5410224734782698,1.9417190228805645,-0.6044430101593246,0.7956871508575967,12.32332032253123,-0.7188372076710039,-0.25,0.75,-0.18762601932511558
373,0.2049440826818718,0.17634979066423684,-1.5410224734782698,1.9417190228805645,-0.6044430101593246,0.7956871508575967,12.32332032253123,-0.7188372076710039,-0.25,1.125,20.966614317615704
374,0.2049440826818718,0.17634979066423684,-1.5410224734782698,1.9417190228805645,-0.6044430101593246,0.7956871508575967,12.32332032253123,-0.7188372076710039,-0.25,1.5,-113.71553126554372
375,0.2049440826818718,0.17634979066423684,-1.5410224734782698,1.9417190228805645,-0.6044430101593246,0.7956871508575967,12.32332032253123,-0.7188372076710039,0.125,0.0,549.9277786593343
376,0.2049440826818718,0.17634979066423684,-1.5410224734782698,1.9417190228805645,-0.6044430101593246,0.7956871508575967,12.32332032253123,-0.7188372076710039,0.125,0.375,226.9855559788322
377,0.2049440826818718,0.17634979066423684,-1.5410224734782698,1.9417190228805645,-0.6044430101593246,0.7956871508575967,12.32332032253123,-0.7188372076710039,0.125,0.75,167.67129125397153
378,0.2049440826818718,0.17634979066423684,-1.5410224734782698,1.9417190228805645,-0.6044430101593246,0.7956871508575967,12.32332032253123,-0.7188372076710039,0.125,1.125,155.8084510967739
379,0.2049440826818718,0.17634979066423684,-1.5410224734782698,1.9417190228805645,-0.6044430101593246,0.7956871508575967,12.32332032253123,-0.7188372076710039,0.125,1.5,46.11892905054708
380,0.2049440826818718,0.17634979066423684,-1.5410224734782698,1.9417190228805645,-0.6044430101593246,0.7956871508575967,12.32332032253123,-0.7188372076710039,0.5,0.0,6793.021362629546
381,0.2049440826818718,0.17634979066423684,-1.5410224734782698,1.9417190228805645,-0.6044430101593246,0.7956871508575967,12.32332032253123,-0.7188372076710039,0.5,0.375,2911.3439686638767
382,0.2049440826818718,0.17634979066423684,-1.5410224734782698,1.9417190228805645,-0.6044430101593246,0.7956871508575967,12.32332032253123,-0.7188372076710039,0.5,0.75,1557.3407968203717
383,0.2049440826818718,0.17634979066423684,-1.5410224734782698,1.9417190228805645,-0.6044430101593246,0.7956871508575967,12.32332032253123,-0.7188372076710039,0.5,1.125,1043.520532678
384,0.2049440826818718,0.17634979066423684,-1.5410224734782698,1.9417190228805645,-0.6044430101593246,0.7956871508575967,12.32332032253123,-0.7188372076710039,0.5,1.5,786.4487024671654
385,0.2049440826818718,0.17634979066423684,-1.5410224734782698,1.9417190228805645,-0.6044430101593246,0.7956871508575967,12.32332032253123,-0.7188372076710039,-0.558,1.442,-150.63710180768322
386,0.2049440826818718,0.17634979066423684,-1.5410224734782698,1.9417190228805645,-0.6044430101593246,0.7956871508575967,12.32332032253123,-0.7188372076710039,-0.05,0.467,14.737465277726699
387,0.2049440826818718,0.17634979066423684,-1.5410224734782698,1.9417190228805645,-0.6044430101593246,0.7956871508575967,12.32332032253123,-0.7188372076710039,0.623,0.028,14820.36570114813
388,0.2049440826818718,0.17634979066423684,-1.5410224734782698,1.9417190228805645,-0.6044430101593246,0.7956871508575967,12.32332032253123,-0.7188372076710039,-0.82,0.62,-118.68732528011343
389,0.2049440826818718,0.17634979066423684,-1.5410224734782698,1.9417190228805645,-0.6044430101593246,0.7956871508575967,12.32332032253123,-0.7188372076710039,0.22,0.3,531.3560605528291
390,0.608708833850375,0.51156826486358,-3.0393550496086768,0.5287857798996471,-0.7576139774177015,-1.8379711180704414,6.666399115214362,-1.885027824161173,-1.0,0.0,-2258.0484389245485
391,0.608708833850375,0.51156826486358,-3.0393550496086768,0.5287857798996471,-0.7576139774177015,-1.8379711180704414,6.666399115214362,-1.885027824161173,-1.0,0.375,-1082.0041754028884
392,0.608708833850375,0.51156826486358,-3.0393550496086768,0.5287857798996471,-0.7576139774177015,-1.8379711180704414,6.666399115214362,-1.885027824161173,-1.0,0.75,-176.34718940731736
393,0.608708833850375,0.51156826486358,-3.0393550496086768,0.5287857798996471,-0.7576139774177015,-1.8379711180704414,6.666399115214362,-1.885027824161173,-1.0,1.125,-106.71521512357711
394,0.608708833850375,0.51156826486358,-3.0393550496086768,0.5287857798996471,-0.7576139774177015,-1.8379711180704414,6.666399115214362,-1.885027824161173,-1.0,1.5,-61.695005535524515
395,0.608708833850375,0.51156826486358,-3.0393550496086768,0.5287857798996471,-0.7576139774177015,-1.8379711180704414,6.666399115214362,-1.885027824161173,-0.625,0.0,-937.6041406408094
396,0.608708833850375,0.51156826486358,-3.0393550496086768,0.5287857798996471,-0.7576139774177015,-1.8379711180704414,6.666399115214362,-1.885027824161173,-0.625,0.375,-445.596432917298
397,0.608708833850375,0.51156826486358,-3.0393550496086768,0.5287857798996471,-0.7576139774177015,-1.8379711180704414,6.666399115214362,-1.885027824161173,-0.625,0.75,-83.85180720215028
398,0.608708833850375,0.51156826486358,-3.0393550496086768,0.5287857798996471,-0.7576139774177015,-1.8379711180704414,6.666399115214362,-1.885027824161173,-0.625,1.125,-78.92586878326574
399,0.608708833850375,0.51156826486358,-3.0393550496086768,0.5287857798996471,-0.7576139774177015,-1.8379711180704414,6.666399115214362,-1.885027824161173,-0.625,1.5,-148.61563466072135
400,0.608708833850375,0.51156826486358,-3.0393550496086768,0.5287857798996471,-0.7576139774177015,-1.8379711180704414,6.666399115214362,-1.885027824161173,-0.25,0.0,-357.23844778408227
401,0.608708833850375,0.51156826486358,-3.0393550496086768,0.5287857798996471,-0.7576139774177015,-1.8379711180704414,6.666399115214362,-1.885027824161173,-0.25,0.375,-200.12104610340532
402,0.608708833850375,0.51156826486358,-3.0393550496086768,0.5287857798996471,-0.7576139774177015,-1.8379711180704414,6.666399115214362,-1.885027824161173,-0.25,0.75,-36.78727150009596
403,0.608708833850375,0.51156826486358,-3.0393550496086768,0.5287857798996471,-0.7576139774177015,-1.8379711180704414,6.666399115214362,-1.885027824161173,-0.25,1.125,-15.830469838622157
404,0.608708833850375,0.51156826486358,-3.0393550496086768,0.5287857798996471,-0.7576139774177015,-1.8379711180704414,6.666399115214362,-1.885027824161173,-0.25,1.5,-128.7309769725699
405,0.608708833850375,0.51156826486358,-3.0393550496086768,0.5287857798996471,-0.7576139774177015,-1.8379711180704414,6.666399115214362,-1.885027824161173,0.125,0.0,163.72380005457006
406,0.608708833850375,0.51156826486358,-3.0393550496086768,0.5287857798996471,-0.7576139774177015,-1.8379711180704414,6.666399115214362,-1.885027824161173,0.125,0.375,-43.97215150736446
407,0.608708833850375,0.51156826486358,-3.0393550496086768,0.5287857798996471,-0.7576139774177015,-1.8379711180704414,6.666399115214362,-1.885027824161173,0.125,0.75,-0.8946088383730739
408,0.608708833850375,0.51156826486358,-3.0393550496086768,0.5287857798996471,-0.7576139774177015,-1.8379711180704414,6.666399115214362,-1.885027824161173,0.125,1.125,16.601029644670213
409,0.608708833850375,0.51156826486358,-3.0393550496086768,0.5287857798996471,-0.7576139774177015,-1.8379711180704414,6.666399115214362,-1.885027824161173,0.125,1.5,-39.778752953519074
410,0.608708833850375,0.51156826486358,-3.0393550496086768,0.5287857798996471,-0.7576139774177015,-1.8379711180704414,6.666399115214362,-1.885027824161173,0.5,0.0,1430.3607737482646
411,0.608708833850375,0.51156826486358,-3.0393550496086768,0.5287857798996471,-0.7576139774177015,-1.8379711180704414,6.666399115214362,-1.885027824161173,0.5,0.375,204.53822908407864
412,0.608708833850375,0.51156826486358,-3.0393550496086768,0.5287857798996471,-0.7576139774177015,-1.8379711180704414,6.666399115214362,-1.885027824161173,0.5,0.75,54.963405956654675
413,0.608708833850375,0.51156826486358,-3.0393550496086768,0.5287857798996471,-0.7576139774177015,-1.8379711180704414,6.666399115214362,-1.885027824161173,0.5,1.125,33.44266645586165
414,0.608708833850375,0.51156826486358,-3.0393550496086768,0.5287857798996471,-0.7576139774177015,-1.8379711180704414,6.666399115214362,-1.885027824161173,0.5,1.5,6.14344018141742
415,0.608708833850375,0.51156826486358,-3.0393550496086768,0.5287857798996471,-0.7576139774177015,-1.8379711180704414,6.666399115214362,-1.885027824161173,-0.558,1.442,-155.2130006616991
416,0.608708833850375,0.51156826486358,-3.0393550496086768,0.5287857798996471,-0.7576139774177015,-1.8379711180704414,6.666399115214362,-1.885027824161173,-0.05,0.467,-86.21855221444189
417,0.608708833850375,0.51156826486358,-3.0393550496086768,0.5287857798996471,-0.7576139774177015,-1.8379711180704414,6.666399115214362,-1.885027824161173,0.623,0.028,2048.684379072787
418,0.608708833850375,0.51156826486358,-3.0393550496086768,0.5287857798996471,-0.7576139774177015,-1.8379711180704414,6.666399115214362,-1.885027824161173,-0.82,0.62,-208.0508169851808
419,0.608708833850375,0.51156826486358,-3.0393550496086768,0.5287857798996471,-0.7576139774177015,-1.8379711180704414,6.666399115214362,-1.885027824161173,0.22,0.3,17.169172907385615
420,0.7826576639236507,-1.657453871503714,-5.996119240853386,-1.1330193770279866,1.6025196440191354,-0.6605375245654268,8.916597696381377,-0.12071596444871813,-1.0,0.0,-4548.613829499775
421,0.7826576639236507,-1.657453871503714,-5.996119240853386,-1.1330193770279866,1.6025196440191354,-0.6605375245654268,8.916597696381377,-0.12071596444871813,-1.0,0.375,-334.07094867960706
422,0.7826576639236507,-1.657453871503714,-5.996119240853386,-1.1330193770279866,1.6025196440191354,-0.6605375245654268,8.916597696381377,-0.12071596444871813,-1.0,0.75,-25.63459583127538
423,0.7826576639236507,-1.657453871503714,-5.996119240853386,-1.1330193770279866,1.6025196440191354,-0.6605375245654268,8.916597696381377,-0.12071596444871813,-1.0,1.125,-66.42451363189848
424,0.7826576639236507,-1.657453871503714,-5.996119240853386,-1.1330193770279866,1.6025196440191354,-0.6605375245654268,8.916597696381377,-0.12071596444871813,-1.0,1.5,-20.101928530974305
425,0.7826576639236507,-1.657453871503714,-5.996119240853386,-1.1330193770279866,1.6025196440191354,-0.6605375245654268,8.916597696381377,-0.12071596444871813,-0.625,0.0,-1556.2965419315199
426,0.7826576639236507,-1.657453871503714,-5.996119240853386,-1.1330193770279866,1.6025196440191354,-0.6605375245654268,8.916597696381377,-0.12071596444871813,-0.625,0.375,-171.16540625482125
427,0.7826576639236507,-1.657453871503714,-5.996119240853386,-1.1330193770279866,1.6025196440191354,-0.6605375245654268,8.916597696381377,-0.12071596444871813,-0.625,0.75,-27.577609797293324
428,0.7826576639236507,-1.657453871503714,-5.996119240853386,-1.1330193770279866,1.6025196440191354,-0.6605375245654268,8.916597696381377,-0.12071596444871813,-0.625,1.125,-82.76037376297963
429,0.7826576639236507,-1.657453871503714,-5.996119240853386,-1.1330193770279866,1.6025196440191354,-0.6605375245654268,8.916597696381377,-0.12071596444871813,-0.625,1.5,-139.90385150281628
430,0.7826576639236507,-1.657453871503714,-5.996119240853386,-1.1330193770279866,1.6025196440191354,-0.6605375245654268,8.916597696381377,-0.12071596444871813,-0.25,0.0,-668.7373504411775
431,0.7826576639236507,-1.657453871503714,-5.996119240853386,-1.1330193770279866,1.6025196440191354,-0.6605375245654268,8.916597696381377,-0.12071596444871813,-0.25,0.375,-143.06720785861197
432,0.7826576639236507,-1.657453871503714,-5.996119240853386,-1.1330193770279866,1.6025196440191354,-0.6605375245654268,8.916597696381377,-0.12071596444871813,-0.25,0.75,-42.93056645033364
433,0.7826576639236507,-1.657453871503714,-5.996119240853386,-1.1330193770279866,1.6025196440191354,-0.6605375245654268,8.916597696381377,-0.12071596444871813,-0.25,1.125,-14.392124991703255
434,0.7826576639236507,-1.657453871503714,-5.996119240853386,-1.1330193770279866,1.6025196440191354,-0.6605375245654268,8.916597696381377,-0.12071596444871813,-0.25,1.5,-107.84319731324035
435,0.7826576639236507,-1.657453871503714,-5.996119240853386,-1.1330193770279866,1.6025196440191354,-0.6605375245654268,8.916597696381377,-0.12071596444871813,0.125,0.0,-364.2289846750016
436,0.7826576639236507,-1.657453871503714,-5.996119240853386,-1.1330193770279866,1.6025196440191354,-0.6605375245654268,8.916597696381377,-0.12071596444871813,0.125,0.375,-131.84110702878695
437,0.7826576639236507,-1.657453871503714,-5.996119240853386,-1.1330193770279866,1.6025196440191354,-0.6605375245654268,8.916597696381377,-0.12071596444871813,0.125,0.75,-47.69313676776031
438,0.7826576639236507,-1.657453871503714,-5.996119240853386,-1.1330193770279866,1.6025196440191354,-0.6605375245654268,8.916597696381377,-0.12071596444871813,0.125,1.125,0.8817343475100143
439,0.7826576639236507,-1.657453871503714,-5.996119240853386,-1.1330193770279866,1.6025196440191354,-0.6605375245654268,8.916597696381377,-0.12071596444871813,0.125,1.5,-12.363673800365362
440,0.7826576639236507,-1.657453871503714,-5.996119240853386,-1.1330193770279866,1.6025196440191354,-0.6605375245654268,8.916597696381377,-0.12071596444871813,0.5,0.0,-246.79272402960243
441,0.7826576639236507,-1.657453871503714,-5.996119240853386,-1.1330193770279866,1.6025196440191354,-0.6605375245654268,8.916597696381377,-0.12071596444871813,0.5,0.375,-101.30999069125991
442,0.7826576639236507,-1.657453871503714,-5.996119240853386,-1.1330193770279866,1.6025196440191354,-0.6605375245654268,8.916597696381377,-0.12071596444871813,0.5,0.75,-31.76485250732124
443,0.7826576639236507,-1.657453871503714,-5.996119240853386,-1.1330193770279866,1.6025196440191354,-0.6605375245654268,8.916597696381377,-0.12071596444871813,0.5,1.125,0.07084852950540599
444,0.7826576639236507,-1.657453871503714,-5.996119240853386,-1.1330193770279866,1.6025196440191354,-0.6605375245654268,8.916597696381377,-0.12071596444871813,0.5,1.5,0.8501662498577074
445,0.7826576639236507,-1.657453871503714,-5.996119240853386,-1.1330193770279866,1.6025196440191354,-0.6605375245654268,8.916597696381377,-0.12071596444871813,-0.558,1.442,-154.51505490299968
446,0.7826576639236507,-1.657453871503714,-5.996119240853386,-1.1330193770279866,1.6025196440191354,-0.6605375245654268,8.916597696381377,-0.12071596444871813,-0.05,0.467,-115.80257813579838
447,0.7826576639236507,-1.657453871503714,-5.996119240853386,-1.1330193770279866,1.6025196440191354,-0.6605375245654268,8.916597696381377,-0.12071596444871813,0.623,0.028,-223.16621772549232
448,0.7826576639236507,-1.657453871503714,-5.996119240853386,-1.1330193770279866,1.6025196440191354,-0.6605375245654268,8.916597696381377,-0.12071596444871813,-0.82,0.62,-30.948468729442805
449,0.7826576639236507,-1.657453871503714,-5.996119240853386,-1.1330193770279866,1.6025196440191354,-0.6605375245654268,8.916597696381377,-0.12071596444871813,0.22,0.3,-149.32142890673168
450,0.725331,1.723091,-9.42815,0.467624,-0.017073,-0.847893,6.036545,0.87767,-1.0,0.0,-3639.5328122432907
451,0.725331,1.723091,-9.42815,0.467624,-0.017073,-0.847893,6.036545,0.87767,-1.0,0.375,-1314.8030474209872
452,0.725331,1.723091,-9.42815,0.467624,-0.017073,-0.847893,6.036545,0.87767,-1.0,0.75,-372.4371668992165
453,0.725331,1.723091,-9.42815,0.467624,-0.017073,-0.847893,6.036545,0.87767,-1.0,1.125,-24.006604483965678
454,0.725331,1.723091,-9.42815,0.467624,-0.017073,-0.847893,6.036545,0.87767,-1.0,1.5,1.710254616606715
455,0.725331,1.723091,-9.42815,0.467624,-0.017073,-0.847893,6.036545,0.87767,-0.625,0.0,-1346.9652354272926
456,0.725331,1.723091,-9.42815,0.467624,-0.017073,-0.847893,6.036545,0.87767,-0.625,0.375,-476.10439135230666
457,0.725331,1.723091,-9.42815,0.467624,-0.017073,-0.847893,6.036545,0.87767,-0.625,0.75,-116.04912377269333
458,0.725331,1.723091,-9.42815,0.467624,-0.017073,-0.847893,6.036545,0.87767,-0.625,1.125,-66.67278313539406
459,0.725331,1.723091,-9.42815,0.467624,-0.017073,-0.847893,6.036545,0.87767,-0.625,1.5,-124.23209887200028
460,0.725331,1.723091,-9.42815,0.467624,-0.017073,-0.847893,6.036545,0.87767,-0.25,0.0,-609.073753445544
461,0.725331,1.723091,-9.42815,0.467624,-0.017073,-0.847893,6.036545,0.87767,-0.25,0.375,-229.22949375815963
462,0.725331,1.723091,-9.42815,0.467624,-0.017073,-0.847893,6.036545,0.87767,-0.25,0.75,-48.626030877499055
463,0.725331,1.723091,-9.42815,0.467624,-0.017073,-0.847893,6.036545,0.87767,-0.25,1.125,-2.607789952085504
464,0.725331,1.723091,-9.42815,0.467624,-0.017073,-0.847893,6.036545,0.87767,-0.25,1.5,-62.0069359633719
465,0.725331,1.723091,-9.42815,0.467624,-0.017073,-0.847893,6.036545,0.87767,0.125,0.0,-337.056797253534
466,0.725331,1.723091,-9.42815,0.467624,-0.017073,-0.847893,6.036545,0.87767,0.125,0.375,-155.6998346125804
467,0.725331,1.723091,-9.42815,0.467624,-0.017073,-0.847893,6.036545,0.87767,0.125,0.75,-32.69970863821602
468,0.725331,1.723091,-9.42815,0.467624,-0.017073,-0.847893,6.036545,0.87767,0.125,1.125,28.65642659947301
469,0.725331,1.723091,-9.42815,0.467624,-0.017073,-0.847893,6.036545,0.87767,0.125,1.5,48.62933787463457
470,0.725331,1.723091,-9.42815,0.467624,-0.017073,-0.847893,6.036545,0.87767,0.5,0.0,-232.18338216565655
471,0.725331,1.723091,-9.42815,0.467624,-0.017073,-0.847893,6.036545,0.87767,0.5,0.375,-172.89696331609252
472,0.725331,1.723091,-9.42815,0.467624,-0.017073,-0.847893,6.036545,0.87767,0.5,0.75,-42.643984830305854
473,0.725331,1.723091,-9.42815,0.467624,-0.017073,-0.847893,6.036545,0.87767,0.5,1.125,48.82252527848891
474,0.725331,1.723091,-9.42815,0.467624,-0.017073,-0.847893,6.036545,0.87767,0.5,1.5,98.81724122374717
475,0.725331,1.723091,-9.42815,0.467624,-0.017073,-0.847893,6.036545,0.87767,-0.558,1.442,-142.10576099174662
476,0.725331,1.723091,-9.42815,0.467624,-0.017073,-0.847893,6.036545,0.87767,-0.05,0.467,-131.98850563018652
477,0.725331,1.723091,-9.42815,0.467624,-0.017073,-0.847893,6.036545,0.87767,0.623,0.028,-222.07246479892146
478,0.725331,1.723091,-9.42815,0.467624,-0.017073,-0.847893,6.036545,0.87767,-0.82,0.62,-334.50863493833697
479,0.725331,1.723091,-9.42815,0.467624,-0.017073,-0.847893,6.036545,0.87767,0.22,0.3,-182.52159776635116
480,-1.234012,-0.609235,-6.084443,-1.11762,-1.434347,-0.337736,12.242987,-0.577918,-1.0,0.0,24.839011084898942
481,-1.234012,-0.609235,-6.084443,-1.11762,-1.434347,-0.337736,12.242987,-0.577918,-1.0,0.375,-35.62934040396576
482,-1.234012,-0.609235,-6.084443,-1.11762,-1.434347,-0.337736,12.242987,-0.577918,-1.0,0.75,-110.6342807768951
483,-1.234012,-0.609235,-6.084443,-1.11762,-1.434347,-0.337736,12.242987,-0.577918,-1.0,1.125,-134.03412974367438
484,-1.234012,-0.609235,-6.084443,-1.11762,-1.434347,-0.337736,12.242987,-0.577918,-1.0,1.5,-19.274512205960804
485,-1.234012,-0.609235,-6.084443,-1.11762,-1.434347,-0.337736,12.242987,-0.577918,-0.625,0.0,18.548427116430716
486,-1.234012,-0.609235,-6.084443,-1.11762,-1.434347,-0.337736,12.242987,-0.577918,-0.625,0.375,-51.11748393922627
487,-1.234012,-0.609235,-6.084443,-1.11762,-1.434347,-0.337736,12.242987,-0.577918,-0.625,0.75,-43.08031185542351
488,-1.234012,-0.609235,-6.084443,-1.11762,-1.434347,-0.337736,12.242987,-0.577918,-0.625,1.125,-99.20482552011153
489,-1.234012,-0.609235,-6.084443,-1.11762,-1.434347,-0.337736,12.242987,-0.577918,-0.625,1.5,-140.88531330165813
490,-1.234012,-0.609235,-6.084443,-1.11762,-1.434347,-0.337736,12.242987,-0.577918,-0.25,0.0,-11.809501067236749
491,-1.234012,-0.609235,-6.084443,-1.11762,-1.434347,-0.337736,12.242987,-0.577918,-0.25,0.375,-81.64947701214778
492,-1.234012,-0.609235,-6.084443,-1.11762,-1.434347,-0.337736,12.242987,-0.577918,-0.25,0.75,-44.01651144094774
493,-1.234012,-0.609235,-6.084443,-1.11762,-1.434347,-0.337736,12.242987,-0.577918,-0.25,1.125,-9.166983191359039
494,-1.234012,-0.609235,-6.084443,-1.11762,-1.434347,-0.337736,12.242987,-0.577918,-0.25,1.5,-108.55620792165439
495,-1.234012,-0.609235,-6.084443,-1.11762,-1.434347,-0.337736,12.242987,-0.577918,0.125,0.0,-71.99095787544046
496,-1.234012,-0.609235,-6.084443,-1.11762,-1.434347,-0.337736,12.242987,-0.577918,0.125,0.375,-108.48368115274117
497,-1.234012,-0.609235,-6.084443,-1.11762,-1.434347,-0.337736,12.242987,-0.577918,0.125,0.75,-48.70147501329188
498,-1.234012,-0.609235,-6.084443,-1.11762,-1.434347,-0.337736,12.242987,-0.577918,0.125,1.125,1.0975004847211314
499,-1.234012,-0.609235,-6.084443,-1.11762,-1.434347,-0.337736,12.242987,-0.577918,0.125,1.5,-12.651675366242273
500,-1.234012,-0.609235,-6.084443,-1.11762,-1.434347,-0.337736,12.242987,-0.577918,0.5,0.0,-148.76490936540702
501,-1.234012,-0.609235,-6.084443,-1.11762,-1.434347,-0.337736,12.242987,-0.577918,0.5,0.375,-119.38641842019507
502,-1.234012,-0.609235,-6.084443,-1.11762,-1.434347,-0.337736,12.242987,-0.577918,0.5,0.75,-43.396937365932466
503,-1.234012,-0.609235,-6.084443,-1.11762,-1.434347,-0.337736,12.242987,-0.577918,0.5,1.125,-0.45625121766311216
504,-1.234012,-0.609235,-6.084443,-1.11762,-1.434347,-0.337736,12.242987,-0.577918,0.5,1.5,0.5464777713076634
505,-1.234012,-0.609235,-6.084443,-1.11762,-1.434347,-0.337736,12.242987,-0.577918,-0.558,1.442,-157.46988639064955
506,-1.234012,-0.609235,-6.084443,-1.11762,-1.434347,-0.337736,12.242987,-0.577918,-0.05,0.467,-101.4762097577429
507,-1.234012,-0.609235,-6.084443,-1.11762,-1.434347,-0.337736,12.242987,-0.577918,0.623,0.028,-174.64279709638078
508,-1.234012,-0.609235,-6.084443,-1.11762,-1.434347,-0.337736,12.242987,-0.577918,-0.82,0.62,-61.80653042491148
509,-1.234012,-0.609235,-6.084443,-1.11762,-1.434347,-0.337736,12.242987,-0.577918,0.22,0.3,-113.18537708356521
510,0.47334,-1.660774,-0.464505,0.791295,1.698514,0.862347,10.645607,-1.959774,-1.0,0.0,-1300.7210616884151
511,0.47334,-1.660774,-0.464505,0.791295,1.698514,0.862347,10.645607,-1.959774,-1.0,0.375,-105.58489011509711
512,0.47334,-1.660774,-0.464505,0.791295,1.698514,0.862347,10.645607,-1.959774,-1.0,0.75,-204.67651079595103
513,0.47334,-1.660774,-0.464505,0.791295,1.698514,0.862347,10.645607,-1.959774,-1.0,1.125,-431.65703183149117
514,0.47334,-1.660774,-0.464505,0.791295,1.698514,0.862347,10.645607,-1.959774,-1.0,1.5,-133.4933482424334
515,0.47334,-1.660774,-0.464505,0.791295,1.698514,0.862347,10.645607,-1.959774,-0.625,0.0,-633.222989773359
516,0.47334,-1.660774,-0.464505,0.791295,1.698514,0.862347,10.645607,-1.959774,-0.625,0.375,-73.901869410523
517,0.47334,-1.660774,-0.464505,0.791295,1.698514,0.862347,10.645607,-1.959774,-0.625,0.75,-15.54726906218334
518,0.47334,-1.660774,-0.464505,0.791295,1.698514,0.862347,10.645607,-1.959774,-0.625,1.125,-96.72915004180234
519,0.47334,-1.660774,-0.464505,0.791295,1.698514,0.862347,10.645607,-1.959774,-0.625,1.5,-154.94161840569362
520,0.47334,-1.660774,-0.464505,0.791295,1.698514,0.862347,10.645607,-1.959774,-0.25,0.0,-222.2634997336887
521,0.47334,-1.660774,-0.464505,0.791295,1.698514,0.862347,10.645607,-1.959774,-0.25,0.375,-48.4152518907875
522,0.47334,-1.660774,-0.464505,0.791295,1.698514,0.862347,10.645607,-1.959774,-0.25,0.75,-11.28731722700141
523,0.47334,-1.660774,-0.464505,0.791295,1.698514,0.862347,10.645607,-1.959774,-0.25,1.125,-6.292179820834342
524,0.47334,-1.660774,-0.464505,0.791295,1.698514,0.862347,10.645607,-1.959774,-0.25,1.5,-151.76587697239657
525,0.47334,-1.660774,-0.464505,0.791295,1.698514,0.862347,10.645607,-1.959774,0.125,0.0,450.73313413512693
526,0.47334,-1.660774,-0.464505,0.791295,1.698514,0.862347,10.645607,-1.959774,0.125,0.375,90.36426953005359
527,0.47334,-1.660774,-0.464505,0.791295,1.698514,0.862347,10.645607,-1.959774,0.125,0.75,20.085413952370494
528,0.47334,-1.660774,-0.464505,0.791295,1.698514,0.862347,10.645607,-1.959774,0.125,1.125,24.553587527840524
529,0.47334,-1.660774,-0.464505,0.791295,1.698514,0.862347,10.645607,-1.959774,0.125,1.5,-125.64162929943919
530,0.47334,-1.660774,-0.464505,0.791295,1.698514,0.862347,10.645607,-1.959774,0.5,0.0,3158.9475177297504
531,0.47334,-1.660774,-0.464505,0.791295,1.698514,0.862347,10.645607,-1.959774,0.5,0.375,640.8695067403223
532,0.47334,-1.660774,-0.464505,0.791295,1.698514,0.862347,10.645607,-1.959774,0.5,0.75,154.06747383885047
533,0.47334,-1.660774,-0.464505,0.791295,1.698514,0.862347,10.645607,-1.959774,0.5,1.125,59.7691293118046
534,0.47334,-1.660774,-0.464505,0.791295,1.698514,0.862347,10.645607,-1.959774,0.5,1.5,-82.46361289281059
535,0.47334,-1.660774,-0.464505,0.791295,1.698514,0.862347,10.645607,-1.959774,-0.558,1.442,-158.4354510222334
536,0.47334,-1.660774,-0.464505,0.791295,1.698514,0.862347,10.645607,-1.959774,-0.05,0.467,-14.373779364399368
537,0.47334,-1.660774,-0.464505,0.791295,1.698514,0.862347,10.645607,-1.959774,0.623,0.028,4930.30717367753
538,0.47334,-1.660774,-0.464505,0.791295,1.698514,0.862347,10.645607,-1.959774,-0.82,0.62,-30.75843097941507
539,0.47334,-1.660774,-0.464505,0.791295,1.698514,0.862347,10.645607,-1.959774,0.22,0.3,233.5028232542639
540,-1.17,-1.657,-9.802,-1.556,0.657,0.017,14.57,-0.184,-1.0,0.0,26.40826173872623
541,-1.17,-1.657,-9.802,-1.556,0.657,0.017,14.57,-0.184,-1.0,0.375,-11.12363078263834
542,-1.17,-1.657,-9.802,-1.556,0.657,0.017,14.57,-0.184,-1.0,0.75,-83.86756940347419
543,-1.17,-1.657,-9.802,-1.556,0.657,0.017,14.57,-0.184,-1.0,1.125,-75.51221766253471
544,-1.17,-1.657,-9.802,-1.556,0.657,0.017,14.57,-0.184,-1.0,1.5,3.205265437045563
545,-1.17,-1.657,-9.802,-1.556,0.657,0.017,14.57,-0.184,-0.625,0.0,12.578181164977327
546,-1.17,-1.657,-9.802,-1.556,0.657,0.017,14.57,-0.184,-0.625,0.375,-30.09218219338094
547,-1.17,-1.657,-9.802,-1.556,0.657,0.017,14.57,-0.184,-0.625,0.75,-29.915911478305247
548,-1.17,-1.657,-9.802,-1.556,0.657,0.017,14.57,-0.184,-0.625,1.125,-104.72946129845302
549,-1.17,-1.657,-9.802,-1.556,0.657,0.017,14.57,-0.184,-0.625,1.5,-131.99148056971248
550,-1.17,-1.657,-9.802,-1.556,0.657,0.017,14.57,-0.184,-0.25,0.0,-25.108085215816104
551,-1.17,-1.657,-9.802,-1.556,0.657,0.017,14.57,-0.184,-0.25,0.375,-73.99261949591845
552,-1.17,-1.657,-9.802,-1.556,0.657,0.017,14.57,-0.184,-0.25,0.75,-41.66630840315343
553,-1.17,-1.657,-9.802,-1.556,0.657,0.017,14.57,-0.184,-0.25,1.125,-5.020067025459557
554,-1.17,-1.657,-9.802,-1.556,0.657,0.017,14.57,-0.184,-0.25,1.5,-85.18116449459697
555,-1.17,-1.657,-9.802,-1.556,0.657,0.017,14.57,-0.184,0.125,0.0,-84.46307651947549
556,-1.17,-1.657,-9.802,-1.556,0.657,0.017,14.57,-0.184,0.125,0.375,-96.32509377567861
557,-1.17,-1.657,-9.802,-1.556,0.657,0.017,14.57,-0.184,0.125,0.75,-50.074221364381614
558,-1.17,-1.657,-9.802,-1.556,0.657,0.017,14.57,-0.184,0.125,1.125,0.0506441118995089
559,-1.17,-1.657,-9.802,-1.556,0.657,0.017,14.57,-0.184,0.125,1.5,-1.4506644917223976
560,-1.17,-1.657,-9.802,-1.556,0.657,0.017,14.57,-0.184,0.5,0.0,-153.47963916908094
561,-1.17,-1.657,-9.802,-1.556,0.657,0.017,14.57,-0.184,0.5,0.375,-88.09987887467302
562,-1.17,-1.657,-9.802,-1.556,0.657,0.017,14.57,-0.184,0.5,0.75,-35.361533682276225
563,-1.17,-1.657,-9.802,-1.556,0.657,0.017,14.57,-0.184,0.5,1.125,-0.894778723153197
564,-1.17,-1.657,-9.802,-1.556,0.657,0.017,14.57,-0.184,0.5,1.5,0.45713065863565033
565,-1.17,-1.657,-9.802,-1.556,0.657,0.017,14.57,-0.184,-0.558,1.442,-156.77868106185758
566,-1.17,-1.657,-9.802,-1.556,0.657,0.017,14.57,-0.184,-0.05,0.467,-98.08424932624398
567,-1.17,-1.657,-9.802,-1.556,0.657,0.017,14.57,-0.184,0.623,0.028,-171.86751410015967
568,-1.17,-1.657,-9.802,-1.556,0.657,0.017,14.57,-0.184,-0.82,0.62,-36.99940137090965
569,-1.17,-1.657,-9.802,-1.556,0.657,0.017,14.57,-0.184,0.22,0.3,-93.59718472348138
570,-0.917,-0.686,-1.13,1.924,-1.374,-0.378,14.307,1.702,-1.0,0.0,19.071075824467126
571,-0.917,-0.686,-1.13,1.924,-1.374,-0.378,14.307,1.702,-1.0,0.375,-132.04606484892417
572,-0.917,-0.686,-1.13,1.924,-1.374,-0.378,14.307,1.702,-1.0,0.75,-721.9087268414319
573,-0.917,-0.686,-1.13,1.924,-1.374,-0.378,14.307,1.702,-1.0,1.125,-737.413395244357
574,-0.917,-0.686,-1.13,1.924,-1.374,-0.378,14.307,1.702,-1.0,1.5,-110.29707244756229
575,-0.917,-0.686,-1.13,1.924,-1.374,-0.378,14.307,1.702,-0.625,0.0,-2.4261326665118688
576,-0.917,-0.686,-1.13,1.924,-1.374,-0.378,14.307,1.702,-0.625,0.375,-56.569216999469994
577,-0.917,-0.686,-1.13,1.924,-1.374,-0.378,14.307,1.702,-0.625,0.75,-42.763138640818056
578,-0.917,-0.686,-1.13,1.924,-1.374,-0.378,14.307,1.702,-0.625,1.125,-111.19427202781296
579,-0.917,-0.686,-1.13,1.924,-1.374,-0.378,14.307,1.702,-0.625,1.5,-134.80433495511517
580,-0.917,-0.686,-1.13,1.924,-1.374,-0.378,14.307,1.702,-0.25,0.0,-30.35499805995246
581,-0.917,-0.686,-1.13,1.924,-1.374,-0.378,14.307,1.702,-0.25,0.375,-77.05059386090385
582,-0.917,-0.686,-1.13,1.924,-1.374,-0.378,14.307,1.702,-0.25,0.75,-19.796163110756687
583,-0.917,-0.686,-1.13,1.924,-1.374,-0.378,14.307,1.702,-0.25,1.125,33.84677233058707
584,-0.917,-0.686,-1.13,1.924,-1.374,-0.378,14.307,1.702,-0.25,1.5,-58.57456146605776
585,-0.917,-0.686,-1.13,1.924,-1.374,-0.378,14.307,1.702,0.125,0.0,-56.60231328513701
586,-0.917,-0.686,-1.13,1.924,-1.374,-0.378,14.307,1.702,0.125,0.375,-55.22544978791727
587,-0.917,-0.686,-1.13,1.924,-1.374,-0.378,14.307,1.702,0.125,0.75,57.6319568760119
588,-0.917,-0.686,-1.13,1.924,-1.374,-0.378,14.307,1.702,0.125,1.125,216.48232552711053
589,-0.917,-0.686,-1.13,1.924,-1.374,-0.378,14.307,1.702,0.125,1.5,422.0488566220156
590,-0.917,-0.686,-1.13,1.924,-1.374,-0.378,14.307,1.702,0.5,0.0,11.77780946505274
591,-0.917,-0.686,-1.13,1.924,-1.374,-0.378,14.307,1.702,0.5,0.375,179.14294270898637
592,-0.917,-0.686,-1.13,1.924,-1.374,-0.378,14.307,1.702,0.5,0.75,584.0366728963364
593,-0.917,-0.686,-1.13,1.924,-1.374,-0.378,14.307,1.702,0.5,1.125,1581.446604331245
594,-0.917,-0.686,-1.13,1.924,-1.374,-0.378,14.307,1.702,0.5,1.5,4803.897837806958
595,-0.917,-0.686,-1.13,1.924,-1.374,-0.378,14.307,1.702,-0.558,1.442,-138.95072674565364
596,-0.917,-0.686,-1.13,1.924,-1.374,-0.378,14.307,1.702,-0.05,0.467,-70.92540123053358
597,-0.917,-0.686,-1.13,1.924,-1.374,-0.378,14.307,1.702,0.623,0.028,129.00299966994527
598,-0.917,-0.686,-1.13,1.924,-1.374,-0.378,14.307,1.702,-0.82,0.62,-97.34969454169875
599,-0.917,-0.686,-1.13,1.924,-1.374,-0.378,14.307,1.702,0.22,0.3,-43.53232866788696
