a_1,a_2,a_3,a_4,x_1,x_2,V,V_scaled
-1.3023643249400514,-1.1900927392651872,-2.0720798063598167,-1.7897298894274487,-1.5,-0.5,72.25022524890137,17.798484683954243
-1.3023643249400514,-1.1900927392651872,-2.0720798063598167,-1.7897298894274487,-1.5,0.125,-345.3385151758016,17.798476904183754
-1.3023643249400514,-1.1900927392651872,-2.0720798063598167,-1.7897298894274487,-1.5,0.75,-2109.2737460047915,17.798444041012893
-1.3023643249400514,-1.1900927392651872,-2.0720798063598167,-1.7897298894274487,-1.5,1.375,-67.03784504611107,17.79848208899345
-1.3023643249400514,-1.1900927392651872,-2.0720798063598167,-1.7897298894274487,-1.5,2.0,14.287896123550404,17.798483604106863
-1.3023643249400514,-1.1900927392651872,-2.0720798063598167,-1.7897298894274487,-0.875,-0.5,62.795004879833776,17.798484507802065
-1.3023643249400514,-1.1900927392651872,-2.0720798063598167,-1.7897298894274487,-0.875,0.125,11.56598961427192,17.798483553397283
-1.3023643249400514,-1.1900927392651872,-2.0720798063598167,-1.7897298894274487,-0.875,0.75,-78.9510090794488,17.79848186704883
-1.3023643249400514,-1.1900927392651872,-2.0720798063598167,-1.7897298894274487,-0.875,1.375,-175.65280838095654,17.798480065473257
-1.3023643249400514,-1.1900927392651872,-2.0720798063598167,-1.7897298894274487,-0.875,2.0,28.480902370120024,17.798483868524926
-1.3023643249400514,-1.1900927392651872,-2.0720798063598167,-1.7897298894274487,-0.25,-0.5,11.33190254459192,17.798483549036202
-1.3023643249400514,-1.1900927392651872,-2.0720798063598167,-1.7897298894274487,-0.25,0.125,-38.78735667368615,17.798482615305467
-1.3023643249400514,-1.1900927392651872,-2.0720798063598167,-1.7897298894274487,-0.25,0.75,-45.15694824569793,17.798482496638776
-1.3023643249400514,-1.1900927392651872,-2.0720798063598167,-1.7897298894274487,-0.25,1.375,-88.5611718815874,17.798481688009552
-1.3023643249400514,-1.1900927392651872,-2.0720798063598167,-1.7897298894274487,-0.25,2.0,-99.0032618231549,17.798481493471265
-1.3023643249400514,-1.1900927392651872,-2.0720798063598167,-1.7897298894274487,0.375,-0.5,-9.161561597114137,17.798483167239418
-1.3023643249400514,-1.1900927392651872,-2.0720798063598167,-1.7897298894274487,0.375,0.125,-123.16326720746842,17.79848104336524
-1.3023643249400514,-1.1900927392651872,-2.0720798063598167,-1.7897298894274487,0.375,0.75,-45.279488492811765,17.79848249435583
-1.3023643249400514,-1.1900927392651872,-2.0720798063598167,-1.7897298894274487,0.375,1.375,-8.712338611144446,17.79848317560852
-1.3023643249400514,-1.1900927392651872,-2.0720798063598167,-1.7897298894274487,0.375,2.0,-840.5736995231999,17.798467677764407
-1.3023643249400514,-1.1900927392651872,-2.0720798063598167,-1.7897298894274487,1.0,-0.5,-16.409063337645964,17.79848303221717
-1.3023643249400514,-1.1900927392651872,-2.0720798063598167,-1.7897298894274487,1.0,0.125,-178.51665837394617,17.79848001211906
-1.3023643249400514,-1.1900927392651872,-2.0720798063598167,-1.7897298894274487,1.0,0.75,-16.994562810064668,17.79848302130921
-1.3023643249400514,-1.1900927392651872,-2.0720798063598167,-1.7897298894274487,1.0,1.375,-0.17863687719916488,17.798483334592877
-1.3023643249400514,-1.1900927392651872,-2.0720798063598167,-1.7897298894274487,1.0,2.0,-1210.216335308251,17.798460791126402
1.1376337095979028,-0.2846652897945152,-1.4138512969102202,-1.4818398272738322,-1.5,-0.5,-20023.36402092346,17.79811022957832
1.1376337095979028,-0.2846652897945152,-1.4138512969102202,-1.4818398272738322,-1.5,0.125,-210152.58410148643,17.794560474434252
1.1376337095979028,-0.2846652897945152,-1.4138512969102202,-1.4818398272738322,-1.5,0.75,-4987.261019342105,17.798390420065964
1.1376337095979028,-0.2846652897945152,-1.4138512969102202,-1.4818398272738322,-1.5,1.375,-137.54456190305402,17.798480775438573
1.1376337095979028,-0.2846652897945152,-1.4138512969102202,-1.4818398272738322,-1.5,2.0,15.416438624918943,17.798483625131798
1.1376337095979028,-0.2846652897945152,-1.4138512969102202,-1.4818398272738322,-0.875,-0.5,-832.6185350412442,17.798467825972814
1.1376337095979028,-0.2846652897945152,-1.4138512969102202,-1.4818398272738322,-0.875,0.125,-9331.760443419815,17.798309470490462
1.1376337095979028,-0.2846652897945152,-1.4138512969102202,-1.4818398272738322,-0.875,0.75,-146.7768865218685,17.79848060343831
1.1376337095979028,-0.2846652897945152,-1.4138512969102202,-1.4818398272738322,-0.875,1.375,-194.2309851175302,17.79847971935741
1.1376337095979028,-0.2846652897945152,-1.4138512969102202,-1.4818398272738322,-0.875,2.0,28.325169048702787,17.798483865623588
1.1376337095979028,-0.2846652897945152,-1.4138512969102202,-1.4818398272738322,-0.25,-0.5,-81.08609893689601,17.79848182727168
1.1376337095979028,-0.2846652897945152,-1.4138512969102202,-1.4818398272738322,-0.25,0.125,-1028.4958382677617,17.7984641766814
1.1376337095979028,-0.2846652897945152,-1.4138512969102202,-1.4818398272738322,-0.25,0.75,-51.27548368250126,17.798482382649297
1.1376337095979028,-0.2846652897945152,-1.4138512969102202,-1.4818398272738322,-0.25,1.375,-91.22802720925463,17.79848163832549
1.1376337095979028,-0.2846652897945152,-1.4138512969102202,-1.4818398272738322,-0.25,2.0,-100.61484251368256,17.79848146344718
1.1376337095979028,-0.2846652897945152,-1.4138512969102202,-1.4818398272738322,0.375,-0.5,-24.33098308513012,17.798482884630374
1.1376337095979028,-0.2846652897945152,-1.4138512969102202,-1.4818398272738322,0.375,0.125,-289.5765776838566,17.79847794304447
1.1376337095979028,-0.2846652897945152,-1.4138512969102202,-1.4818398272738322,0.375,0.75,-51.77765758114331,17.7984823732937
1.1376337095979028,-0.2846652897945152,-1.4138512969102202,-1.4818398272738322,0.375,1.375,-14.297441014085715,17.798483071557072
1.1376337095979028,-0.2846652897945152,-1.4138512969102202,-1.4818398272738322,0.375,2.0,-1391.050807504861,17.79845742206717
1.1376337095979028,-0.2846652897945152,-1.4138512969102202,-1.4818398272738322,1.0,-0.5,-16.38848819474697,17.798483032600487
1.1376337095979028,-0.2846652897945152,-1.4138512969102202,-1.4818398272738322,1.0,0.125,-189.4802246261987,17.798479807865217
1.1376337095979028,-0.2846652897945152,-1.4138512969102202,-1.4818398272738322,1.0,0.75,-40.956266424696295,17.798482574898273
1.1376337095979028,-0.2846652897945152,-1.4138512969102202,-1.4818398272738322,1.0,1.375,-0.7774442310408273,17.798483323436994
1.1376337095979028,-0.2846652897945152,-1.4138512969102202,-1.4818398272738322,1.0,2.0,-5321.884718303781,17.798384185369663
-0.9099187375346118,-0.40551182264861363,-1.876756554337403,-0.9076286626438557,-1.5,-0.5,90.03768170360958,17.798485015337143
-0.9099187375346118,-0.40551182264861363,-1.876756554337403,-0.9076286626438557,-1.5,0.125,-427.4807754195012,17.798475373848174
-0.9099187375346118,-0.40551182264861363,-1.876756554337403,-0.9076286626438557,-1.5,0.75,-2580.941589339241,17.798435253375196
-0.9099187375346118,-0.40551182264861363,-1.876756554337403,-0.9076286626438557,-1.5,1.375,-81.21984529604869,17.79848182477996
-0.9099187375346118,-0.40551182264861363,-1.876756554337403,-0.9076286626438557,-1.5,2.0,17.813704313181724,17.79848366979326
-0.9099187375346118,-0.40551182264861363,-1.876756554337403,-0.9076286626438557,-0.875,-0.5,63.166030749993936,17.798484514714335
-0.9099187375346118,-0.40551182264861363,-1.876756554337403,-0.9076286626438557,-0.875,0.125,-1.451281388460611,17.798483310883288
-0.9099187375346118,-0.40551182264861363,-1.876756554337403,-0.9076286626438557,-0.875,0.75,-98.50073439322338,17.798481502833454
-0.9099187375346118,-0.40551182264861363,-1.876756554337403,-0.9076286626438557,-0.875,1.375,-180.7907862939333,17.798479969751522
-0.9099187375346118,-0.40551182264861363,-1.876756554337403,-0.9076286626438557,-0.875,2.0,28.83174223489111,17.79848387506113
-0.9099187375346118,-0.40551182264861363,-1.876756554337403,-0.9076286626438557,-0.25,-0.5,18.177011905310643,17.79848367656174
-0.9099187375346118,-0.40551182264861363,-1.876756554337403,-0.9076286626438557,-0.25,0.125,-54.792267345727424,17.798482317130944
-0.9099187375346118,-0.40551182264861363,-1.876756554337403,-0.9076286626438557,-0.25,0.75,-44.452674390483004,17.798482509759534
-0.9099187375346118,-0.40551182264861363,-1.876756554337403,-0.9076286626438557,-0.25,1.375,-85.13865749469069,17.798481751771693
-0.9099187375346118,-0.40551182264861363,-1.876756554337403,-0.9076286626438557,-0.25,2.0,-89.3108074742637,17.79848167404369
-0.9099187375346118,-0.40551182264861363,-1.876756554337403,-0.9076286626438557,0.375,-0.5,-7.731025121068457,17.798483193890565
-0.9099187375346118,-0.40551182264861363,-1.876756554337403,-0.9076286626438557,0.375,0.125,-140.8051514606176,17.798480714693067
-0.9099187375346118,-0.40551182264861363,-1.876756554337403,-0.9076286626438557,0.375,0.75,-48.77319615679619,17.79848242926739
-0.9099187375346118,-0.40551182264861363,-1.876756554337403,-0.9076286626438557,0.375,1.375,-6.949621589348256,17.79848320844825
-0.9099187375346118,-0.40551182264861363,-1.876756554337403,-0.9076286626438557,0.375,2.0,-966.4855198054372,17.79846533196586
-0.9099187375346118,-0.40551182264861363,-1.876756554337403,-0.9076286626438557,1.0,-0.5,-16.102585608779346,17.798483037926903
-0.9099187375346118,-0.40551182264861363,-1.876756554337403,-0.9076286626438557,1.0,0.125,-187.1679195183115,17.798479850944016
-0.9099187375346118,-0.40551182264861363,-1.876756554337403,-0.9076286626438557,1.0,0.75,-36.09606719147497,17.79848266544469
-0.9099187375346118,-0.40551182264861363,-1.876756554337403,-0.9076286626438557,1.0,1.375,0.37019199386669627,17.798483344817654
-0.9099187375346118,-0.40551182264861363,-1.876756554337403,-0.9076286626438557,1.0,2.0,-1875.592888228837,17.79844839468943
0.3340536567001817,1.042314259314319,-0.6515974146458223,1.9093004221038696,-1.5,-0.5,49.04948561426562,17.798484251720925
0.3340536567001817,1.042314259314319,-0.6515974146458223,1.9093004221038696,-1.5,0.125,-3092.511247668045,17.79842572223998
0.3340536567001817,1.042314259314319,-0.6515974146458223,1.9093004221038696,-1.5,0.75,-9297.161513266119,17.79831011518641
0.3340536567001817,1.042314259314319,-0.6515974146458223,1.9093004221038696,-1.5,1.375,-293.2547300745649,17.79847787451948
0.3340536567001817,1.042314259314319,-0.6515974146458223,1.9093004221038696,-1.5,2.0,35.99558686961697,17.798484008524717
0.3340536567001817,1.042314259314319,-0.6515974146458223,1.9093004221038696,-0.875,-0.5,13.572693654373595,17.79848359078252
0.3340536567001817,1.042314259314319,-0.6515974146458223,1.9093004221038696,-0.875,0.125,-583.5223595366579,17.798472466739007
0.3340536567001817,1.042314259314319,-0.6515974146458223,1.9093004221038696,-0.875,0.75,-193.7600096724844,17.798479728131795
0.3340536567001817,1.042314259314319,-0.6515974146458223,1.9093004221038696,-0.875,1.375,-217.24743794075195,17.798479290555257
0.3340536567001817,1.042314259314319,-0.6515974146458223,1.9093004221038696,-0.875,2.0,29.661607874538014,17.798483890521663
0.3340536567001817,1.042314259314319,-0.6515974146458223,1.9093004221038696,-0.25,-0.5,80.31641322737907,17.79848483422851
0.3340536567001817,1.042314259314319,-0.6515974146458223,1.9093004221038696,-0.25,0.125,-263.84920604694935,17.79847842235234
0.3340536567001817,1.042314259314319,-0.6515974146458223,1.9093004221038696,-0.25,0.75,-17.892689872695108,17.79848300457694
0.3340536567001817,1.042314259314319,-0.6515974146458223,1.9093004221038696,-0.25,1.375,-47.257839457118216,17.798482457498775
0.3340536567001817,1.042314259314319,-0.6515974146458223,1.9093004221038696,-0.25,2.0,11.548305216760525,17.798483553067822
0.3340536567001817,1.042314259314319,-0.6515974146458223,1.9093004221038696,0.375,-0.5,758.1969525482165,17.798497463161947
0.3340536567001817,1.042314259314319,-0.6515974146458223,1.9093004221038696,0.375,0.125,237.01409709969514,17.798487753524924
0.3340536567001817,1.042314259314319,-0.6515974146458223,1.9093004221038696,0.375,0.75,408.418516984188,17.79849094679981
0.3340536567001817,1.042314259314319,-0.6515974146458223,1.9093004221038696,0.375,1.375,805.4445535068311,17.798498343380132
0.3340536567001817,1.042314259314319,-0.6515974146458223,1.9093004221038696,0.375,2.0,46.44859946113911,17.798484203266007
0.3340536567001817,1.042314259314319,-0.6515974146458223,1.9093004221038696,1.0,-0.5,24824.597367331087,17.798945717563694
0.3340536567001817,1.042314259314319,-0.6515974146458223,1.9093004221038696,1.0,0.125,18364.507094979563,17.79882541336038
0.3340536567001817,1.042314259314319,-0.6515974146458223,1.9093004221038696,1.0,0.75,23924.239919455555,17.798928951361727
0.3340536567001817,1.042314259314319,-0.6515974146458223,1.9093004221038696,1.0,1.375,53830.913155743714,17.799485714626762
0.3340536567001817,1.042314259314319,-0.6515974146458223,1.9093004221038696,1.0,2.0,178415.79594437135,17.801801743157558
0.5731916605505671,-0.08062259728942567,-8.101727620338075,0.5475373319116299,-1.5,-0.5,-460.07166435683246,17.798474766669237
0.5731916605505671,-0.08062259728942567,-8.101727620338075,0.5475373319116299,-1.5,0.125,-6134.991904301654,17.79836903542486
0.5731916605505671,-0.08062259728942567,-8.101727620338075,0.5475373319116299,-1.5,0.75,-56.30922104995663,17.798482288869803
0.5731916605505671,-0.08062259728942567,-8.101727620338075,0.5475373319116299,-1.5,1.375,16.736680207372626,17.798483649728123
0.5731916605505671,-0.08062259728942567,-8.101727620338075,0.5475373319116299,-1.5,2.0,25.659988679774887,17.79848381597084
0.5731916605505671,-0.08062259728942567,-8.101727620338075,0.5475373319116299,-0.875,-0.5,-57.851932159066294,17.798482260128797
0.5731916605505671,-0.08062259728942567,-8.101727620338075,0.5475373319116299,-0.875,0.125,-1282.2034893121884,17.798459449962095
0.5731916605505671,-0.08062259728942567,-8.101727620338075,0.5475373319116299,-0.875,0.75,-71.22142454977471,17.798482011052535
0.5731916605505671,-0.08062259728942567,-8.101727620338075,0.5475373319116299,-0.875,1.375,-65.18958751121798,17.798482123426847
0.5731916605505671,-0.08062259728942567,-8.101727620338075,0.5475373319116299,-0.875,2.0,31.47657406160889,17.79848392433478
0.5731916605505671,-0.08062259728942567,-8.101727620338075,0.5475373319116299,-0.25,-0.5,9.99422783910535,17.798483524115095
0.5731916605505671,-0.08062259728942567,-8.101727620338075,0.5475373319116299,-0.25,0.125,-419.7737726135468,17.798475517432106
0.5731916605505671,-0.08062259728942567,-8.101727620338075,0.5475373319116299,-0.25,0.75,-36.30568552397314,17.798482661539463
0.5731916605505671,-0.08062259728942567,-8.101727620338075,0.5475373319116299,-0.25,1.375,-39.02162837814562,17.79848261094094
0.5731916605505671,-0.08062259728942567,-8.101727620338075,0.5475373319116299,-0.25,2.0,-15.33369094123509,17.79848305225155
0.5731916605505671,-0.08062259728942567,-8.101727620338075,0.5475373319116299,0.375,-0.5,38.64780443027938,17.79848405793596
0.5731916605505671,-0.08062259728942567,-8.101727620338075,0.5475373319116299,0.375,0.125,-203.16017289660027,17.798479553004476
0.5731916605505671,-0.08062259728942567,-8.101727620338075,0.5475373319116299,0.375,0.75,-17.9250226579005,17.798483003974575
0.5731916605505671,-0.08062259728942567,-8.101727620338075,0.5475373319116299,0.375,1.375,63.36057973624477,17.798484518338814
0.5731916605505671,-0.08062259728942567,-8.101727620338075,0.5475373319116299,0.375,2.0,185.73911629749963,17.798486798266893
0.5731916605505671,-0.08062259728942567,-8.101727620338075,0.5475373319116299,1.0,-0.5,90.61848358320947,17.79848502615756
0.5731916605505671,-0.08062259728942567,-8.101727620338075,0.5475373319116299,1.0,0.125,-113.50791464842047,17.79848122324653
0.5731916605505671,-0.08062259728942567,-8.101727620338075,0.5475373319116299,1.0,0.75,53.64499060071563,17.7984843373359
0.5731916605505671,-0.08062259728942567,-8.101727620338075,0.5475373319116299,1.0,1.375,231.93307670892247,17.798487658865046
0.5731916605505671,-0.08062259728942567,-8.101727620338075,0.5475373319116299,1.0,2.0,896.2306456098889,17.79850003471397
1.8499270654739894,1.5439182484027918,-8.742595487215818,1.2038525600397518,-1.5,-0.5,-1724197.9782769957,17.765833994113418
1.8499270654739894,1.5439182484027918,-8.742595487215818,1.2038525600397518,-1.5,0.125,-17968899.96575559,17.390870338031704
1.8499270654739894,1.5439182484027918,-8.742595487215818,1.2038525600397518,-1.5,0.75,-77469.30489236055,17.79703902881522
1.8499270654739894,1.5439182484027918,-8.742595487215818,1.2038525600397518,-1.5,1.375,18.232011022432403,17.798483677586386
1.8499270654739894,1.5439182484027918,-8.742595487215818,1.2038525600397518,-1.5,2.0,30.235375128616656,17.79848390121104
1.8499270654739894,1.5439182484027918,-8.742595487215818,1.2038525600397518,-0.875,-0.5,-10893.591954934232,17.79828036781541
1.8499270654739894,1.5439182484027918,-8.742595487215818,1.2038525600397518,-0.875,0.125,-114256.73367188586,17.796352446408275
1.8499270654739894,1.5439182484027918,-8.742595487215818,1.2038525600397518,-0.875,0.75,-668.7399016120855,17.79847087910289
1.8499270654739894,1.5439182484027918,-8.742595487215818,1.2038525600397518,-0.875,1.375,-58.02926483935481,17.798482256825057
1.8499270654739894,1.5439182484027918,-8.742595487215818,1.2038525600397518,-0.875,2.0,31.93244650840028,17.798483932827757
1.8499270654739894,1.5439182484027918,-8.742595487215818,1.2038525600397518,-0.25,-0.5,-222.93383395579278,17.798479184616276
1.8499270654739894,1.5439182484027918,-8.742595487215818,1.2038525600397518,-0.25,0.125,-3072.6251926928185,17.798426092741913
1.8499270654739894,1.5439182484027918,-8.742595487215818,1.2038525600397518,-0.25,0.75,-44.69442110777072,17.798482505255745
1.8499270654739894,1.5439182484027918,-8.742595487215818,1.2038525600397518,-0.25,1.375,-24.544006800920577,17.7984828806617
1.8499270654739894,1.5439182484027918,-8.742595487215818,1.2038525600397518,-0.25,2.0,16.583299636474536,17.798483646870615
1.8499270654739894,1.5439182484027918,-8.742595487215818,1.2038525600397518,0.375,-0.5,170.8858568506281,17.798486521549012
1.8499270654739894,1.5439182484027918,-8.742595487215818,1.2038525600397518,0.375,0.125,-261.53771721138344,17.798478465415986
1.8499270654739894,1.5439182484027918,-8.742595487215818,1.2038525600397518,0.375,0.75,56.17037271941696,17.798484384384157
1.8499270654739894,1.5439182484027918,-8.742595487215818,1.2038525600397518,0.375,1.375,219.50357662755488,17.798487427302273
1.8499270654739894,1.5439182484027918,-8.742595487215818,1.2038525600397518,0.375,2.0,666.1086784295603,17.798495747564182
1.8499270654739894,1.5439182484027918,-8.742595487215818,1.2038525600397518,1.0,-0.5,1461.5844122567512,17.798510567121422
1.8499270654739894,1.5439182484027918,-8.742595487215818,1.2038525600397518,1.0,0.125,821.1592900013491,17.79849863614396
1.8499270654739894,1.5439182484027918,-8.742595487215818,1.2038525600397518,1.0,0.75,1181.1696398346608,17.798505343074154
1.8499270654739894,1.5439182484027918,-8.742595487215818,1.2038525600397518,1.0,1.375,3202.9539632757264,17.798543007728775
1.8499270654739894,1.5439182484027918,-8.742595487215818,1.2038525600397518,1.0,2.0,12375.33195341945,17.798713865929052
-0.3923314387327572,1.6550420118452935,-2.770613427773717,0.3446217591909262,-1.5,-0.5,122.0698567825782,17.798485612100944
-0.3923314387327572,1.6550420118452935,-2.770613427773717,0.3446217591909262,-1.5,0.125,-1175.0001175544971,17.79846144722523
-0.3923314387327572,1.6550420118452935,-2.770613427773717,0.3446217591909262,-1.5,0.75,-3251.3947208102154,17.798422762038374
-0.3923314387327572,1.6550420118452935,-2.770613427773717,0.3446217591909262,-1.5,1.375,-23.877721098876844,17.798482893074727
-0.3923314387327572,1.6550420118452935,-2.770613427773717,0.3446217591909262,-1.5,2.0,24.382223053035503,17.798483792165857
-0.3923314387327572,1.6550420118452935,-2.770613427773717,0.3446217591909262,-0.875,-0.5,60.951454925235055,17.79848447345645
-0.3923314387327572,1.6550420118452935,-2.770613427773717,0.3446217591909262,-0.875,0.125,-106.09816376636273,17.79848136129176
-0.3923314387327572,1.6550420118452935,-2.770613427773717,0.3446217591909262,-0.875,0.75,-240.3803954700169,17.798478859582406
-0.3923314387327572,1.6550420118452935,-2.770613427773717,0.3446217591909262,-0.875,1.375,-157.25911084231043,17.7984804081521
-0.3923314387327572,1.6550420118452935,-2.770613427773717,0.3446217591909262,-0.875,2.0,29.852108864473216,17.798483894070728
-0.3923314387327572,1.6550420118452935,-2.770613427773717,0.3446217591909262,-0.25,-0.5,35.887848419914185,17.798484006517533
-0.3923314387327572,1.6550420118452935,-2.770613427773717,0.3446217591909262,-0.25,0.125,-98.85629208991902,17.79848149620934
-0.3923314387327572,1.6550420118452935,-2.770613427773717,0.3446217591909262,-0.25,0.75,-43.22069891710943,17.798482532711468
-0.3923314387327572,1.6550420118452935,-2.770613427773717,0.3446217591909262,-0.25,1.375,-67.85674154743472,17.798482073737244
-0.3923314387327572,1.6550420118452935,-2.770613427773717,0.3446217591909262,-0.25,2.0,-53.838566657184366,17.798482334898573
-0.3923314387327572,1.6550420118452935,-2.770613427773717,0.3446217591909262,0.375,-0.5,26.240145262502708,17.798483826779254
-0.3923314387327572,1.6550420118452935,-2.770613427773717,0.3446217591909262,0.375,0.125,-153.79519733891397,17.798480472685593
-0.3923314387327572,1.6550420118452935,-2.770613427773717,0.3446217591909262,0.375,0.75,-43.710566098618514,17.79848252358515
-0.3923314387327572,1.6550420118452935,-2.770613427773717,0.3446217591909262,0.375,1.375,37.68010122377521,17.798484039907493
-0.3923314387327572,1.6550420118452935,-2.770613427773717,0.3446217591909262,0.375,2.0,-361.52133963277873,17.79847660269294
-0.3923314387327572,1.6550420118452935,-2.770613427773717,0.3446217591909262,1.0,-0.5,31.097614146722094,17.798483917274694
-0.3923314387327572,1.6550420118452935,-2.770613427773717,0.3446217591909262,1.0,0.125,-263.7119957709782,17.798478424908602
-0.3923314387327572,1.6550420118452935,-2.770613427773717,0.3446217591909262,1.0,0.75,-234.7638931353493,17.79847896421928
-0.3923314387327572,1.6550420118452935,-2.770613427773717,0.3446217591909262,1.0,1.375,102.73943195330146,17.798485251972526
-0.3923314387327572,1.6550420118452935,-2.770613427773717,0.3446217591909262,1.0,2.0,146.66586769438763,17.798486070327748
-0.4321304017550254,1.8060149173567739,-6.758034292773939,0.9768268775058457,-1.5,-0.5,143.70571542711124,17.798486015179744
-0.4321304017550254,1.8060149173567739,-6.758034292773939,0.9768268775058457,-1.5,0.125,-1398.0534037347888,17.798457291604198
-0.4321304017550254,1.8060149173567739,-6.758034292773939,0.9768268775058457,-1.5,0.75,-3112.132088453395,17.798425356679182
-0.4321304017550254,1.8060149173567739,-6.758034292773939,0.9768268775058457,-1.5,1.375,15.423841291310543,17.79848362526971
-0.4321304017550254,1.8060149173567739,-6.758034292773939,0.9768268775058457,-1.5,2.0,28.56697480943442,17.79848387012847
-0.4321304017550254,1.8060149173567739,-6.758034292773939,0.9768268775058457,-0.875,-0.5,62.13540649263576,17.798484495513648
-0.4321304017550254,1.8060149173567739,-6.758034292773939,0.9768268775058457,-0.875,0.125,-110.83116251540358,17.79848127311499
-0.4321304017550254,1.8060149173567739,-6.758034292773939,0.9768268775058457,-0.875,0.75,-235.33230922254026,17.798478953629544
-0.4321304017550254,1.8060149173567739,-6.758034292773939,0.9768268775058457,-0.875,1.375,-82.33874192498037,17.79848180393469
-0.4321304017550254,1.8060149173567739,-6.758034292773939,0.9768268775058457,-0.875,2.0,31.41429259102413,17.798483923174466
-0.4321304017550254,1.8060149173567739,-6.758034292773939,0.9768268775058457,-0.25,-0.5,55.550322615006365,17.79848437283253
-0.4321304017550254,1.8060149173567739,-6.758034292773939,0.9768268775058457,-0.25,0.125,-84.56233946031557,17.798481762508615
-0.4321304017550254,1.8060149173567739,-6.758034292773939,0.9768268775058457,-0.25,0.75,-36.39679688323314,17.79848265984204
-0.4321304017550254,1.8060149173567739,-6.758034292773939,0.9768268775058457,-0.25,1.375,-37.49577794967092,17.79848263936782
-0.4321304017550254,1.8060149173567739,-6.758034292773939,0.9768268775058457,-0.25,2.0,-4.718611116962862,17.798483250012367
-0.4321304017550254,1.8060149173567739,-6.758034292773939,0.9768268775058457,0.375,-0.5,119.39526842554996,17.798485562273008
-0.4321304017550254,1.8060149173567739,-6.758034292773939,0.9768268775058457,0.375,0.125,-97.13091713933716,17.798481528353435
-0.4321304017550254,1.8060149173567739,-6.758034292773939,0.9768268775058457,0.375,0.75,11.219562373464115,17.798483546943284
-0.4321304017550254,1.8060149173567739,-6.758034292773939,0.9768268775058457,0.375,1.375,142.6538441470115,17.798485995583253
-0.4321304017550254,1.8060149173567739,-6.758034292773939,0.9768268775058457,0.375,2.0,413.65265116099715,17.79849104431189
-0.4321304017550254,1.8060149173567739,-6.758034292773939,0.9768268775058457,1.0,-0.5,579.6251315609945,17.798494136379393
-0.4321304017550254,1.8060149173567739,-6.758034292773939,0.9768268775058457,1.0,0.125,126.21915502932518,17.79848568940291
-0.4321304017550254,1.8060149173567739,-6.758034292773939,0.9768268775058457,1.0,0.75,251.24143105985462,17.798488018581416
-0.4321304017550254,1.8060149173567739,-6.758034292773939,0.9768268775058457,1.0,1.375,1291.5163831087627,17.798507398805782
-0.4321304017550254,1.8060149173567739,-6.758034292773939,0.9768268775058457,1.0,2.0,4990.799103940168,17.798576313051942
-1.7246979511075,-0.7553366228684595,-7.306501650526521,-1.1834595409581805,-1.5,-0.5,84.53340104936132,17.798484912791604
-1.7246979511075,-0.7553366228684595,-7.306501650526521,-1.1834595409581805,-1.5,0.125,18.3669570785329,17.798483680100453
-1.7246979511075,-0.7553366228684595,-7.306501650526521,-1.1834595409581805,-1.5,0.75,-8.498099586064127,17.79848317959983
-1.7246979511075,-0.7553366228684595,-7.306501650526521,-1.1834595409581805,-1.5,1.375,10.586173783293761,17.79848353514315
-1.7246979511075,-0.7553366228684595,-7.306501650526521,-1.1834595409581805,-1.5,2.0,16.64616400566267,17.79848364804179
-1.7246979511075,-0.7553366228684595,-7.306501650526521,-1.1834595409581805,-0.875,-0.5,63.52398139303864,17.79848452138301
-1.7246979511075,-0.7553366228684595,-7.306501650526521,-1.1834595409581805,-0.875,0.125,9.344025007698063,17.798483512001706
-1.7246979511075,-0.7553366228684595,-7.306501650526521,-1.1834595409581805,-0.875,0.75,-49.59194431885469,17.798482414013957
-1.7246979511075,-0.7553366228684595,-7.306501650526521,-1.1834595409581805,-0.875,1.375,-75.36943909187951,17.798481933774198
-1.7246979511075,-0.7553366228684595,-7.306501650526521,-1.1834595409581805,-0.875,2.0,30.439137354249347,17.798483905007163
-1.7246979511075,-0.7553366228684595,-7.306501650526521,-1.1834595409581805,-0.25,-0.5,17.84707990304851,17.798483670415052
-1.7246979511075,-0.7553366228684595,-7.306501650526521,-1.1834595409581805,-0.25,0.125,-26.045732843511033,17.798482852684273
-1.7246979511075,-0.7553366228684595,-7.306501650526521,-1.1834595409581805,-0.25,0.75,-44.2637221487832,17.798482513279748
-1.7246979511075,-0.7553366228684595,-7.306501650526521,-1.1834595409581805,-0.25,1.375,-58.956212878821304,17.798482239555835
-1.7246979511075,-0.7553366228684595,-7.306501650526521,-1.1834595409581805,-0.25,2.0,-59.51376684574646,17.798482229168496
-1.7246979511075,-0.7553366228684595,-7.306501650526521,-1.1834595409581805,0.375,-0.5,-6.130113782564793,17.798483223715824
-1.7246979511075,-0.7553366228684595,-7.306501650526521,-1.1834595409581805,0.375,0.125,-107.9205753845869,17.798481327339847
-1.7246979511075,-0.7553366228684595,-7.306501650526521,-1.1834595409581805,0.375,0.75,-47.1391278349677,17.798482459710396
-1.7246979511075,-0.7553366228684595,-7.306501650526521,-1.1834595409581805,0.375,1.375,2.1929253287427413,17.798483378775494
-1.7246979511075,-0.7553366228684595,-7.306501650526521,-1.1834595409581805,0.375,2.0,-7.9651062127403165,17.79848318952959
-1.7246979511075,-0.7553366228684595,-7.306501650526521,-1.1834595409581805,1.0,-0.5,-16.313816644876393,17.798483033991634
-1.7246979511075,-0.7553366228684595,-7.306501650526521,-1.1834595409581805,1.0,0.125,-182.50441613185575,17.79847993782619
-1.7246979511075,-0.7553366228684595,-7.306501650526521,-1.1834595409581805,1.0,0.75,-25.768624681405253,17.79848285784685
-1.7246979511075,-0.7553366228684595,-7.306501650526521,-1.1834595409581805,1.0,1.375,0.20601128552136336,17.79848334175894
-1.7246979511075,-0.7553366228684595,-7.306501650526521,-1.1834595409581805,1.0,2.0,0.8725119197419481,17.79848335417596
1.7920814246671597,-1.3057178526520044,-5.729667941442702,-0.6124699158299751,-1.5,-0.5,-1201096.0828759754,17.775852554140567
1.7920814246671597,-1.3057178526520044,-5.729667941442702,-0.6124699158299751,-1.5,0.125,-12516706.64611702,17.532969175864675
1.7920814246671597,-1.3057178526520044,-5.729667941442702,-0.6124699158299751,-1.5,0.75,-52819.69673495739,17.79749881331969
1.7920814246671597,-1.3057178526520044,-5.729667941442702,-0.6124699158299751,-1.5,1.375,10.62513142296702,17.798483535868936
1.7920814246671597,-1.3057178526520044,-5.729667941442702,-0.6124699158299751,-1.5,2.0,19.199986548937694,17.798483695619932
1.7920814246671597,-1.3057178526520044,-5.729667941442702,-0.6124699158299751,-0.875,-0.5,-8878.663790352914,17.798317913191884
1.7920814246671597,-1.3057178526520044,-5.729667941442702,-0.6124699158299751,-0.875,0.125,-93171.42010229886,17.796746029950594
1.7920814246671597,-1.3057178526520044,-5.729667941442702,-0.6124699158299751,-0.875,0.75,-440.65759100872503,17.79847512835983
1.7920814246671597,-1.3057178526520044,-5.729667941442702,-0.6124699158299751,-0.875,1.375,-98.0637882965899,17.79848151097385
1.7920814246671597,-1.3057178526520044,-5.729667941442702,-0.6124699158299751,-0.875,2.0,30.347435216580333,17.798483903298738
1.7920814246671597,-1.3057178526520044,-5.729667941442702,-0.6124699158299751,-0.25,-0.5,-243.86848730758354,17.798478794598356
1.7920814246671597,-1.3057178526520044,-5.729667941442702,-0.6124699158299751,-0.25,0.125,-2823.8614863446114,17.7984307275075
1.7920814246671597,-1.3057178526520044,-5.729667941442702,-0.6124699158299751,-0.25,0.75,-51.66264495208387,17.79848237543641
1.7920814246671597,-1.3057178526520044,-5.729667941442702,-0.6124699158299751,-0.25,1.375,-62.285189205841775,17.798482177536357
1.7920814246671597,-1.3057178526520044,-5.729667941442702,-0.6124699158299751,-0.25,2.0,-58.97817797939874,17.79848223914662
1.7920814246671597,-1.3057178526520044,-5.729667941442702,-0.6124699158299751,0.375,-0.5,-26.461111207398435,17.7984828449457
1.7920814246671597,-1.3057178526520044,-5.729667941442702,-0.6124699158299751,0.375,0.125,-360.98459109750394,17.798476612692728
1.7920814246671597,-1.3057178526520044,-5.729667941442702,-0.6124699158299751,0.375,0.75,-41.99480053136115,17.798482555550187
1.7920814246671597,-1.3057178526520044,-5.729667941442702,-0.6124699158299751,0.375,1.375,6.471452835246519,17.798483458485197
1.7920814246671597,-1.3057178526520044,-5.729667941442702,-0.6124699158299751,0.375,2.0,-29.588017174470462,17.79848278669087
1.7920814246671597,-1.3057178526520044,-5.729667941442702,-0.6124699158299751,1.0,-0.5,-15.384503149049111,17.79848305130491
1.7920814246671597,-1.3057178526520044,-5.729667941442702,-0.6124699158299751,1.0,0.125,-176.93543993449597,17.79848004157753
1.7920814246671597,-1.3057178526520044,-5.729667941442702,-0.6124699158299751,1.0,0.75,-14.223794329433328,17.798483072929123
1.7920814246671597,-1.3057178526520044,-5.729667941442702,-0.6124699158299751,1.0,1.375,2.22742629974223,17.79848337941825
1.7920814246671597,-1.3057178526520044,-5.729667941442702,-0.6124699158299751,1.0,2.0,8.332563546667316,17.798483493158006
-0.12826563382787493,0.4294734323038685,-4.796470509052142,-1.8520194895474447,-1.5,-0.5,64.12283338185215,17.798484532539714
-0.12826563382787493,0.4294734323038685,-4.796470509052142,-1.8520194895474447,-1.5,0.125,-144.10161239265938,17.798480653279267
-0.12826563382787493,0.4294734323038685,-4.796470509052142,-1.8520194895474447,-1.5,0.75,-269.1780982320987,17.79847832307366
-0.12826563382787493,0.4294734323038685,-4.796470509052142,-1.8520194895474447,-1.5,1.375,4.168008519899139,17.79848341557163
-0.12826563382787493,0.4294734323038685,-4.796470509052142,-1.8520194895474447,-1.5,2.0,14.082953589490216,17.798483600288748
-0.12826563382787493,0.4294734323038685,-4.796470509052142,-1.8520194895474447,-0.875,-0.5,52.43968691373684,17.798484314880902
-0.12826563382787493,0.4294734323038685,-4.796470509052142,-1.8520194895474447,-0.875,0.125,-119.8165774992208,17.798481105714792
-0.12826563382787493,0.4294734323038685,-4.796470509052142,-1.8520194895474447,-0.875,0.75,-109.22642296372085,17.79848130301163
-0.12826563382787493,0.4294734323038685,-4.796470509052142,-1.8520194895474447,-0.875,1.375,-114.54844774568002,17.79848120386118
-0.12826563382787493,0.4294734323038685,-4.796470509052142,-1.8520194895474447,-0.875,2.0,29.46222347654528,17.798483886807098
-0.12826563382787493,0.4294734323038685,-4.796470509052142,-1.8520194895474447,-0.25,-0.5,-0.4227583191173423,17.798483330044853
-0.12826563382787493,0.4294734323038685,-4.796470509052142,-1.8520194895474447,-0.25,0.125,-159.0730066839326,17.798480374358803
-0.12826563382787493,0.4294734323038685,-4.796470509052142,-1.8520194895474447,-0.25,0.75,-51.04546108621618,17.798482386934662
-0.12826563382787493,0.4294734323038685,-4.796470509052142,-1.8520194895474447,-0.25,1.375,-73.83250491086987,17.79848196240759
-0.12826563382787493,0.4294734323038685,-4.796470509052142,-1.8520194895474447,-0.25,2.0,-81.38839513203664,17.79848182163984
-0.12826563382787493,0.4294734323038685,-4.796470509052142,-1.8520194895474447,0.375,-0.5,-14.985673600928893,17.798483058735176
-0.12826563382787493,0.4294734323038685,-4.796470509052142,-1.8520194895474447,0.375,0.125,-188.36519023161682,17.798479828638577
-0.12826563382787493,0.4294734323038685,-4.796470509052142,-1.8520194895474447,0.375,0.75,-57.160140054779575,17.79848227301702
-0.12826563382787493,0.4294734323038685,-4.796470509052142,-1.8520194895474447,0.375,1.375,-0.5423385767606824,17.798483327817053
-0.12826563382787493,0.4294734323038685,-4.796470509052142,-1.8520194895474447,0.375,2.0,-102.61134333678498,17.798481426251954
-0.12826563382787493,0.4294734323038685,-4.796470509052142,-1.8520194895474447,1.0,-0.5,-16.41671266442746,17.79848303207466
-0.12826563382787493,0.4294734323038685,-4.796470509052142,-1.8520194895474447,1.0,0.125,-208.715910152435,17.79847944949973
-0.12826563382787493,0.4294734323038685,-4.796470509052142,-1.8520194895474447,1.0,0.75,-82.95442294338292,17.798481792464425
-0.12826563382787493,0.4294734323038685,-4.796470509052142,-1.8520194895474447,1.0,1.375,-0.05734936338050682,17.798483336852485
-0.12826563382787493,0.4294734323038685,-4.796470509052142,-1.8520194895474447,1.0,2.0,-2.573813844876401,17.798483289970314
0.8320236957937182,-1.9018991763043018,-6.255444442233267,1.6493939584595645,-1.5,-0.5,-2804.753250192043,17.798431083515922
0.8320236957937182,-1.9018991763043018,-6.255444442233267,1.6493939584595645,-1.5,0.125,-30970.227413472756,17.797906190692565
0.8320236957937182,-1.9018991763043018,-6.255444442233267,1.6493939584595645,-1.5,0.75,-138.2717145871765,17.798480761891557
0.8320236957937182,-1.9018991763043018,-6.255444442233267,1.6493939584595645,-1.5,1.375,21.171922112346486,17.79848373235742
0.8320236957937182,-1.9018991763043018,-6.255444442233267,1.6493939584595645,-1.5,2.0,33.79763802598741,17.798483967576576
0.8320236957937182,-1.9018991763043018,-6.255444442233267,1.6493939584595645,-0.875,-0.5,-239.50312146418298,17.798478875926246
0.8320236957937182,-1.9018991763043018,-6.255444442233267,1.6493939584595645,-0.875,0.125,-3169.1785502203743,17.798424293831513
0.8320236957937182,-1.9018991763043018,-6.255444442233267,1.6493939584595645,-0.875,0.75,-50.33008451739241,17.798482400262266
0.8320236957937182,-1.9018991763043018,-6.255444442233267,1.6493939584595645,-0.875,1.375,-89.26072699987576,17.7984816749767
0.8320236957937182,-1.9018991763043018,-6.255444442233267,1.6493939584595645,-0.875,2.0,31.643048194061024,17.79848392743622
0.8320236957937182,-1.9018991763043018,-6.255444442233267,1.6493939584595645,-0.25,-0.5,33.05622047403051,17.79848395376385
0.8320236957937182,-1.9018991763043018,-6.255444442233267,1.6493939584595645,-0.25,0.125,-605.7564769023883,17.798472052508952
0.8320236957937182,-1.9018991763043018,-6.255444442233267,1.6493939584595645,-0.25,0.75,-15.138387955486152,17.79848305589008
0.8320236957937182,-1.9018991763043018,-6.255444442233267,1.6493939584595645,-0.25,1.375,-24.154525796326944,17.798482887917807
0.8320236957937182,-1.9018991763043018,-6.255444442233267,1.6493939584595645,-0.25,2.0,30.248045289263743,17.79848390144709
0.8320236957937182,-1.9018991763043018,-6.255444442233267,1.6493939584595645,0.375,-0.5,452.5696795890112,17.798491769337033
0.8320236957937182,-1.9018991763043018,-6.255444442233267,1.6493939584595645,0.375,0.125,26.08084630435826,17.798483823811488
0.8320236957937182,-1.9018991763043018,-6.255444442233267,1.6493939584595645,0.375,0.75,246.3177317338121,17.79848792685247
0.8320236957937182,-1.9018991763043018,-6.255444442233267,1.6493939584595645,0.375,1.375,509.49731005493874,17.798492829899164
0.8320236957937182,-1.9018991763043018,-6.255444442233267,1.6493939584595645,0.375,2.0,1524.1724530726112,17.798511733115053
0.8320236957937182,-1.9018991763043018,-6.255444442233267,1.6493939584595645,1.0,-0.5,8767.04538347764,17.79864665616059
0.8320236957937182,-1.9018991763043018,-6.255444442233267,1.6493939584595645,1.0,0.125,6403.782421047626,17.79860263438255
0.8320236957937182,-1.9018991763043018,-6.255444442233267,1.6493939584595645,1.0,0.75,8504.512358622735,17.79864176591155
0.8320236957937182,-1.9018991763043018,-6.255444442233267,1.6493939584595645,1.0,1.375,19035.54239596198,17.798837910510667
0.8320236957937182,-1.9018991763043018,-6.255444442233267,1.6493939584595645,1.0,2.0,73542.93693033318,17.79985251784294
-1.4295844071569914,-1.5639253438238554,-3.3416434530016286,-1.3574193883109602,-1.5,-0.5,80.82651092010384,17.798484843731703
-1.4295844071569914,-1.5639253438238554,-3.3416434530016286,-1.3574193883109602,-1.5,0.125,-79.53296756852649,17.79848185620683
-1.4295844071569914,-1.5639253438238554,-3.3416434530016286,-1.3574193883109602,-1.5,0.75,-584.1653443738151,17.798472454759956
-1.4295844071569914,-1.5639253438238554,-3.3416434530016286,-1.3574193883109602,-1.5,1.375,-10.957243961394907,17.798483133785535
-1.4295844071569914,-1.5639253438238554,-3.3416434530016286,-1.3574193883109602,-1.5,2.0,15.93298723893198,17.798483634755186
-1.4295844071569914,-1.5639253438238554,-3.3416434530016286,-1.3574193883109602,-0.875,-0.5,63.283017203642075,17.79848451689381
-1.4295844071569914,-1.5639253438238554,-3.3416434530016286,-1.3574193883109602,-0.875,0.125,14.837852121889252,17.798483614352634
-1.4295844071569914,-1.5639253438238554,-3.3416434530016286,-1.3574193883109602,-0.875,0.75,-61.656398896999214,17.798482189250844
-1.4295844071569914,-1.5639253438238554,-3.3416434530016286,-1.3574193883109602,-0.875,1.375,-144.11253157208026,17.79848065307584
-1.4295844071569914,-1.5639253438238554,-3.3416434530016286,-1.3574193883109602,-0.875,2.0,29.215447459577003,17.79848388220962
-1.4295844071569914,-1.5639253438238554,-3.3416434530016286,-1.3574193883109602,-0.25,-0.5,15.430144075590098,17.798483625387135
-1.4295844071569914,-1.5639253438238554,-3.3416434530016286,-1.3574193883109602,-0.25,0.125,-32.492250999961435,17.798482732584457
-1.4295844071569914,-1.5639253438238554,-3.3416434530016286,-1.3574193883109602,-0.25,0.75,-42.54635567897156,17.79848254527461
-1.4295844071569914,-1.5639253438238554,-3.3416434530016286,-1.3574193883109602,-0.25,1.375,-79.29067125040116,17.79848186072086
-1.4295844071569914,-1.5639253438238554,-3.3416434530016286,-1.3574193883109602,-0.25,2.0,-85.36517759501032,17.798481747551577
-1.4295844071569914,-1.5639253438238554,-3.3416434530016286,-1.3574193883109602,0.375,-0.5,-7.781155381002108,17.798483192956628
-1.4295844071569914,-1.5639253438238554,-3.3416434530016286,-1.3574193883109602,0.375,0.125,-116.58089560325547,17.79848116599624
-1.4295844071569914,-1.5639253438238554,-3.3416434530016286,-1.3574193883109602,0.375,0.75,-42.39239342504882,17.798482548142957
-1.4295844071569914,-1.5639253438238554,-3.3416434530016286,-1.3574193883109602,0.375,1.375,-1.8759521992849797,17.798483302971597
-1.4295844071569914,-1.5639253438238554,-3.3416434530016286,-1.3574193883109602,0.375,2.0,-313.5975014442172,17.798477495527976
-1.4295844071569914,-1.5639253438238554,-3.3416434530016286,-1.3574193883109602,1.0,-0.5,-16.365433476209247,17.798483033030003
-1.4295844071569914,-1.5639253438238554,-3.3416434530016286,-1.3574193883109602,1.0,0.125,-176.15916394009602,17.798480056039736
-1.4295844071569914,-1.5639253438238554,-3.3416434530016286,-1.3574193883109602,1.0,0.75,-11.874120402709599,17.798483116703967
-1.4295844071569914,-1.5639253438238554,-3.3416434530016286,-1.3574193883109602,1.0,1.375,0.09331126629510694,17.79848333965932
-1.4295844071569914,-1.5639253438238554,-3.3416434530016286,-1.3574193883109602,1.0,2.0,-69.11409243045361,17.79848205031255
1.5616767481959726,-0.960472832226906,-4.0956619630286,0.7836894765272975,-1.5,-0.5,-284449.5996382536,17.79316990118347
1.5616767481959726,-0.960472832226906,-4.0956619630286,0.7836894765272975,-1.5,0.125,-2965483.326667639,17.74165108021098
1.5616767481959726,-0.960472832226906,-4.0956619630286,0.7836894765272975,-1.5,0.75,-12769.28103289134,17.79824541569819
1.5616767481959726,-0.960472832226906,-4.0956619630286,0.7836894765272975,-1.5,1.375,7.854412750643297,17.798483484249974
1.5616767481959726,-0.960472832226906,-4.0956619630286,0.7836894765272975,-1.5,2.0,27.218282926083617,17.79848384500212
1.5616767481959726,-0.960472832226906,-4.0956619630286,0.7836894765272975,-0.875,-0.5,-3912.6630944343706,17.79841044167164
1.5616767481959726,-0.960472832226906,-4.0956619630286,0.7836894765272975,-0.875,0.125,-41441.468603364745,17.7977109779764
1.5616767481959726,-0.960472832226906,-4.0956619630286,0.7836894765272975,-0.875,0.75,-239.3313510876214,17.79847887912637
1.5616767481959726,-0.960472832226906,-4.0956619630286,0.7836894765272975,-0.875,1.375,-127.38034226092886,17.798480964800216
1.5616767481959726,-0.960472832226906,-4.0956619630286,0.7836894765272975,-0.875,2.0,30.56750416591425,17.79848390739866
1.5616767481959726,-0.960472832226906,-4.0956619630286,0.7836894765272975,-0.25,-0.5,-131.0468189565737,17.798480896492954
1.5616767481959726,-0.960472832226906,-4.0956619630286,0.7836894765272975,-0.25,0.125,-1959.124585588871,17.79844683842382
1.5616767481959726,-0.960472832226906,-4.0956619630286,0.7836894765272975,-0.25,0.75,-37.35521349593978,17.798482641986563
1.5616767481959726,-0.960472832226906,-4.0956619630286,0.7836894765272975,-0.25,1.375,-53.90581979199053,17.798482333645634
1.5616767481959726,-0.960472832226906,-4.0956619630286,0.7836894765272975,-0.25,2.0,-28.878601413722635,17.798482799907415
1.5616767481959726,-0.960472832226906,-4.0956619630286,0.7836894765272975,0.375,-0.5,62.28117976602757,17.798484498229428
1.5616767481959726,-0.960472832226906,-4.0956619630286,0.7836894765272975,0.375,0.125,-281.4555426243571,17.798478094341565
1.5616767481959726,-0.960472832226906,-4.0956619630286,0.7836894765272975,0.375,0.75,8.01309773372001,17.798483487206305
1.5616767481959726,-0.960472832226906,-4.0956619630286,0.7836894765272975,0.375,1.375,97.19267452559787,17.798485148635667
1.5616767481959726,-0.960472832226906,-4.0956619630286,0.7836894765272975,0.375,2.0,124.26648968045154,17.7984856530245
1.5616767481959726,-0.960472832226906,-4.0956619630286,0.7836894765272975,1.0,-0.5,258.8665883078654,17.798488160638744
1.5616767481959726,-0.960472832226906,-4.0956619630286,0.7836894765272975,1.0,0.125,25.731358652674174,17.798483817300475
1.5616767481959726,-0.960472832226906,-4.0956619630286,0.7836894765272975,1.0,0.75,245.60928283962494,17.798487913654004
1.5616767481959726,-0.960472832226906,-4.0956619630286,0.7836894765272975,1.0,1.375,596.5791958502596,17.79849445223309
1.5616767481959726,-0.960472832226906,-4.0956619630286,0.7836894765272975,1.0,2.0,2292.1854569417487,17.798526040821955
-1.1710453948574142,1.227743300764466,-0.4382685482082902,-0.49438194387175805,-1.5,-0.5,98.33780105734228,17.798485169969535
-1.1710453948574142,1.227743300764466,-0.4382685482082902,-0.49438194387175805,-1.5,0.125,-2228.3652559504617,17.798441822227748
-1.1710453948574142,1.227743300764466,-0.4382685482082902,-0.49438194387175805,-1.5,0.75,-11675.881900163042,17.798265790553305
-1.1710453948574142,1.227743300764466,-0.4382685482082902,-0.49438194387175805,-1.5,1.375,-379.56291103114586,17.798476266573015
-1.1710453948574142,1.227743300764466,-0.4382685482082902,-0.49438194387175805,-1.5,2.0,19.68745579131731,17.798483704701564
-1.1710453948574142,1.227743300764466,-0.4382685482082902,-0.49438194387175805,-0.875,-0.5,63.973687194069385,17.798484529761097
-1.1710453948574142,1.227743300764466,-0.4382685482082902,-0.49438194387175805,-0.875,0.125,-41.912936965476824,17.79848255707532
-1.1710453948574142,1.227743300764466,-0.4382685482082902,-0.49438194387175805,-0.875,0.75,-212.84857019278954,17.798479372507252
-1.1710453948574142,1.227743300764466,-0.4382685482082902,-0.49438194387175805,-0.875,1.375,-225.05694900751038,17.79847914506211
-1.1710453948574142,1.227743300764466,-0.4382685482082902,-0.49438194387175805,-0.875,2.0,28.306852082825607,17.798483865282343
-1.1710453948574142,1.227743300764466,-0.4382685482082902,-0.49438194387175805,-0.25,-0.5,25.29818635208315,17.798483809230405
-1.1710453948574142,1.227743300764466,-0.4382685482082902,-0.49438194387175805,-0.25,0.125,-40.8150570469813,17.79848257752903
-1.1710453948574142,1.227743300764466,-0.4382685482082902,-0.49438194387175805,-0.25,0.75,-47.85023097449371,17.79848244646241
-1.1710453948574142,1.227743300764466,-0.4382685482082902,-0.49438194387175805,-0.25,1.375,-91.17717048378081,17.798481639272964
-1.1710453948574142,1.227743300764466,-0.4382685482082902,-0.49438194387175805,-0.25,2.0,-92.9466667016683,17.798481606306886
-1.1710453948574142,1.227743300764466,-0.4382685482082902,-0.49438194387175805,0.375,-0.5,-2.1404159892878205,17.79848329804459
-1.1710453948574142,1.227743300764466,-0.4382685482082902,-0.49438194387175805,0.375,0.125,-132.50310219409732,17.79848086936208
-1.1710453948574142,1.227743300764466,-0.4382685482082902,-0.49438194387175805,0.375,0.75,-59.064945914643076,17.798482237530116
-1.1710453948574142,1.227743300764466,-0.4382685482082902,-0.49438194387175805,0.375,1.375,-24.16834242164803,17.7984828876604
-1.1710453948574142,1.227743300764466,-0.4382685482082902,-0.49438194387175805,0.375,2.0,-2917.5931038930994,17.798428981177803
-1.1710453948574142,1.227743300764466,-0.4382685482082902,-0.49438194387175805,1.0,-0.5,-14.77464567220569,17.798483062666662
-1.1710453948574142,1.227743300764466,-0.4382685482082902,-0.49438194387175805,1.0,0.125,-253.47923741887013,17.798478615547584
-1.1710453948574142,1.227743300764466,-0.4382685482082902,-0.49438194387175805,1.0,0.75,-181.82690316310374,17.798479950448417
-1.1710453948574142,1.227743300764466,-0.4382685482082902,-0.49438194387175805,1.0,1.375,-3.852233422449332,17.798483266153134
-1.1710453948574142,1.227743300764466,-0.4382685482082902,-0.49438194387175805,1.0,2.0,-47781.97418783798,17.797592754999
0.14519032227725637,0.7985816342793668,-9.322860447787473,0.05601812329826128,-1.5,-0.5,74.53587637738855,17.79848472653626
0.14519032227725637,0.7985816342793668,-9.322860447787473,0.05601812329826128,-1.5,0.125,-538.1424478707152,17.798473312183468
0.14519032227725637,0.7985816342793668,-9.322860447787473,0.05601812329826128,-1.5,0.75,-308.9422271381611,17.79847758225705
0.14519032227725637,0.7985816342793668,-9.322860447787473,0.05601812329826128,-1.5,1.375,14.659565093318296,17.798483611031116
0.14519032227725637,0.7985816342793668,-9.322860447787473,0.05601812329826128,-1.5,2.0,22.692947394246225,17.79848376069437
0.14519032227725637,0.7985816342793668,-9.322860447787473,0.05601812329826128,-0.875,-0.5,37.448427779338346,17.79848403559138
0.14519032227725637,0.7985816342793668,-9.322860447787473,0.05601812329826128,-0.875,0.125,-306.2020496022994,17.798477633307325
0.14519032227725637,0.7985816342793668,-9.322860447787473,0.05601812329826128,-0.875,0.75,-110.56788489821638,17.79848127801991
0.14519032227725637,0.7985816342793668,-9.322860447787473,0.05601812329826128,-0.875,1.375,-52.37542686279476,17.798482362157145
0.14519032227725637,0.7985816342793668,-9.322860447787473,0.05601812329826128,-0.875,2.0,31.440253398707423,17.798483923658118
0.14519032227725637,0.7985816342793668,-9.322860447787473,0.05601812329826128,-0.25,-0.5,17.47266749949083,17.79848366343969
0.14519032227725637,0.7985816342793668,-9.322860447787473,0.05601812329826128,-0.25,0.125,-222.54729064934466,17.798479191817677
0.14519032227725637,0.7985816342793668,-9.322860447787473,0.05601812329826128,-0.25,0.75,-43.030546739120076,17.79848253625404
0.14519032227725637,0.7985816342793668,-9.322860447787473,0.05601812329826128,-0.25,1.375,-40.6414176649784,17.798482580763963
0.14519032227725637,0.7985816342793668,-9.322860447787473,0.05601812329826128,-0.25,2.0,-25.04068115203785,17.79848287140857
0.14519032227725637,0.7985816342793668,-9.322860447787473,0.05601812329826128,0.375,-0.5,5.990069019977426,17.798483449516933
0.14519032227725637,0.7985816342793668,-9.322860447787473,0.05601812329826128,0.375,0.125,-194.62386901098165,17.79847971203789
0.14519032227725637,0.7985816342793668,-9.322860447787473,0.05601812329826128,0.375,0.75,-46.47637091507389,17.798482472057685
0.14519032227725637,0.7985816342793668,-9.322860447787473,0.05601812329826128,0.375,1.375,24.98294012998095,17.798483803357314
0.14519032227725637,0.7985816342793668,-9.322860447787473,0.05601812329826128,0.375,2.0,73.35549571148341,17.798484704545594
0.14519032227725637,0.7985816342793668,-9.322860447787473,0.05601812329826128,1.0,-0.5,-1.4409954961216709,17.798483311074918
0.14519032227725637,0.7985816342793668,-9.322860447787473,0.05601812329826128,1.0,0.125,-214.30692405447599,17.79847934533776
0.14519032227725637,0.7985816342793668,-9.322860447787473,0.05601812329826128,1.0,0.75,-105.15207156472874,17.798481378917653
0.14519032227725637,0.7985816342793668,-9.322860447787473,0.05601812329826128,1.0,1.375,32.37277342833746,17.79848394103112
0.14519032227725637,0.7985816342793668,-9.322860447787473,0.05601812329826128,1.0,2.0,125.47692802679047,17.798485675575126
-1.9671138433000548,0.14362443452709162,-3.6076090835814867,-0.32786627601331775,-1.5,-0.5,104.60759975942263,17.79848528677675
-1.9671138433000548,0.14362443452709162,-3.6076090835814867,-0.32786627601331775,-1.5,0.125,-81.72821364095765,17.798481815308953
-1.9671138433000548,0.14362443452709162,-3.6076090835814867,-0.32786627601331775,-1.5,0.75,-514.1309379429786,17.798473759526452
-1.9671138433000548,0.14362443452709162,-3.6076090835814867,-0.32786627601331775,-1.5,1.375,-2.9102122214389468,17.798483283703153
-1.9671138433000548,0.14362443452709162,-3.6076090835814867,-0.32786627601331775,-1.5,2.0,20.612623431745615,17.79848372193759
-1.9671138433000548,0.14362443452709162,-3.6076090835814867,-0.32786627601331775,-0.875,-0.5,64.39884484750738,17.798484537681848
-1.9671138433000548,0.14362443452709162,-3.6076090835814867,-0.32786627601331775,-0.875,0.125,-3.7764013723504846,17.7984832675659
-1.9671138433000548,0.14362443452709162,-3.6076090835814867,-0.32786627601331775,-0.875,0.75,-102.76933605642945,17.798481423308516
-1.9671138433000548,0.14362443452709162,-3.6076090835814867,-0.32786627601331775,-0.875,1.375,-137.97899784778616,17.798480767344937
-1.9671138433000548,0.14362443452709162,-3.6076090835814867,-0.32786627601331775,-0.875,2.0,29.83002480667722,17.7984838936593
-1.9671138433000548,0.14362443452709162,-3.6076090835814867,-0.32786627601331775,-0.25,-0.5,29.91651643179375,17.79848389527065
-1.9671138433000548,0.14362443452709162,-3.6076090835814867,-0.32786627601331775,-0.25,0.125,-18.259968275130475,17.798482997734478
-1.9671138433000548,0.14362443452709162,-3.6076090835814867,-0.32786627601331775,-0.25,0.75,-42.84272361963001,17.79848253975322
-1.9671138433000548,0.14362443452709162,-3.6076090835814867,-0.32786627601331775,-0.25,1.375,-70.675404935416,17.798482021224988
-1.9671138433000548,0.14362443452709162,-3.6076090835814867,-0.32786627601331775,-0.25,2.0,-66.27572552381577,17.798482103191883
-1.9671138433000548,0.14362443452709162,-3.6076090835814867,-0.32786627601331775,0.375,-0.5,3.691834636564378,17.79848340670043
-1.9671138433000548,0.14362443452709162,-3.6076090835814867,-0.32786627601331775,0.375,0.125,-97.63888910398603,17.798481518889812
-1.9671138433000548,0.14362443452709162,-3.6076090835814867,-0.32786627601331775,0.375,0.75,-48.09312725046065,17.798482441937207
-1.9671138433000548,0.14362443452709162,-3.6076090835814867,-0.32786627601331775,0.375,1.375,9.172904547428365,17.798483508813703
-1.9671138433000548,0.14362443452709162,-3.6076090835814867,-0.32786627601331775,0.375,2.0,-223.05700580075396,17.798479182321554
-1.9671138433000548,0.14362443452709162,-3.6076090835814867,-0.32786627601331775,1.0,-0.5,-13.195137062366651,17.79848309209319
-1.9671138433000548,0.14362443452709162,-3.6076090835814867,-0.32786627601331775,1.0,0.125,-196.94310146168198,17.798479668830026
-1.9671138433000548,0.14362443452709162,-3.6076090835814867,-0.32786627601331775,1.0,0.75,-59.38677631049774,17.798482231534354
-1.9671138433000548,0.14362443452709162,-3.6076090835814867,-0.32786627601331775,1.0,1.375,6.933347901379287,17.79848346709038
-1.9671138433000548,0.14362443452709162,-3.6076090835814867,-0.32786627601331775,1.0,2.0,-11.211986647136353,17.798483129039635
1.2389890333709976,0.8072658254310059,-5.075262415210589,1.1035575223601328,-1.5,-0.5,-37723.494253445824,17.797780295600532
1.2389890333709976,0.8072658254310059,-5.075262415210589,1.1035575223601328,-1.5,0.125,-394772.6171710075,17.791101476538433
1.2389890333709976,0.8072658254310059,-5.075262415210589,1.1035575223601328,-1.5,0.75,-2075.959974932497,17.798444661678428
1.2389890333709976,0.8072658254310059,-5.075262415210589,1.1035575223601328,-1.5,1.375,15.399674544568487,17.798483624819482
1.2389890333709976,0.8072658254310059,-5.075262415210589,1.1035575223601328,-1.5,2.0,29.485852829587678,17.79848388724732
1.2389890333709976,0.8072658254310059,-5.075262415210589,1.1035575223601328,-0.875,-0.5,-1213.5205347484434,17.798460729567203
1.2389890333709976,0.8072658254310059,-5.075262415210589,1.1035575223601328,-0.875,0.125,-13352.696568048019,17.79823454392012
1.2389890333709976,0.8072658254310059,-5.075262415210589,1.1035575223601328,-0.875,0.75,-187.31979420807343,17.798479848114553
1.2389890333709976,0.8072658254310059,-5.075262415210589,1.1035575223601328,-0.875,1.375,-108.75162639978868,17.79848131185719
1.2389890333709976,0.8072658254310059,-5.075262415210589,1.1035575223601328,-0.875,2.0,31.040539284947826,17.79848391621138
1.2389890333709976,0.8072658254310059,-5.075262415210589,1.1035575223601328,-0.25,-0.5,-45.14656147118532,17.798482496832285
1.2389890333709976,0.8072658254310059,-5.075262415210589,1.1035575223601328,-0.25,0.125,-1179.1860958017528,17.798461369238016
1.2389890333709976,0.8072658254310059,-5.075262415210589,1.1035575223601328,-0.25,0.75,-35.650677844624624,17.798482673742377
1.2389890333709976,0.8072658254310059,-5.075262415210589,1.1035575223601328,-0.25,1.375,-42.90152048249088,17.798482538657822
1.2389890333709976,0.8072658254310059,-5.075262415210589,1.1035575223601328,-0.25,2.0,-8.279546043714376,17.79848318367152
1.2389890333709976,0.8072658254310059,-5.075262415210589,1.1035575223601328,0.375,-0.5,142.70734781521585,17.798485996580034
1.2389890333709976,0.8072658254310059,-5.075262415210589,1.1035575223601328,0.375,0.125,-204.67878843536042,17.7984795247123
1.2389890333709976,0.8072658254310059,-5.075262415210589,1.1035575223601328,0.375,0.75,41.58429743184501,17.79848411264329
1.2389890333709976,0.8072658254310059,-5.075262415210589,1.1035575223601328,0.375,1.375,180.68548722547482,17.79848670411723
1.2389890333709976,0.8072658254310059,-5.075262415210589,1.1035575223601328,0.375,2.0,470.70753391660264,17.7984921072455
1.2389890333709976,0.8072658254310059,-5.075262415210589,1.1035575223601328,1.0,-0.5,973.1525058448105,17.79850146775662
1.2389890333709976,0.8072658254310059,-5.075262415210589,1.1035575223601328,1.0,0.125,515.1549298439645,17.798492935300597
1.2389890333709976,0.8072658254310059,-5.075262415210589,1.1035575223601328,1.0,0.75,838.4188920606842,17.798498957688373
1.2389890333709976,0.8072658254310059,-5.075262415210589,1.1035575223601328,1.0,1.375,2144.5140121660093,17.798523289791007
1.2389890333709976,0.8072658254310059,-5.075262415210589,1.1035575223601328,1.0,2.0,8284.2422461482,17.7986376628828
0.6210568275607651,0.31545661861091245,-7.794751031042024,1.595101864501327,-1.5,-0.5,-626.9419764108648,17.79847165781489
0.6210568275607651,0.31545661861091245,-7.794751031042024,1.595101864501327,-1.5,0.125,-8298.557428373462,17.798328722403625
0.6210568275607651,0.31545661861091245,-7.794751031042024,1.595101864501327,-1.5,0.75,-125.58716652984485,17.79848099820747
0.6210568275607651,0.31545661861091245,-7.794751031042024,1.595101864501327,-1.5,1.375,21.69143144876446,17.798483742035963
0.6210568275607651,0.31545661861091245,-7.794751031042024,1.595101864501327,-1.5,2.0,33.34220380899992,17.798483959091765
0.6210568275607651,0.31545661861091245,-7.794751031042024,1.595101864501327,-0.875,-0.5,-79.3454658278025,17.798481859700026
0.6210568275607651,0.31545661861091245,-7.794751031042024,1.595101864501327,-0.875,0.125,-1525.1512551971573,17.79845492368469
0.6210568275607651,0.31545661861091245,-7.794751031042024,1.595101864501327,-0.875,0.75,-91.15123292375449,17.798481639756186
0.6210568275607651,0.31545661861091245,-7.794751031042024,1.595101864501327,-0.875,1.375,-68.55323244242287,17.798482060761483
0.6210568275607651,0.31545661861091245,-7.794751031042024,1.595101864501327,-0.875,2.0,31.958420796750183,17.798483933311662
0.6210568275607651,0.31545661861091245,-7.794751031042024,1.595101864501327,-0.25,-0.5,47.165889941952834,17.79848421662924
0.6210568275607651,0.31545661861091245,-7.794751031042024,1.595101864501327,-0.25,0.125,-434.03167340446157,17.798475251802827
0.6210568275607651,0.31545661861091245,-7.794751031042024,1.595101864501327,-0.25,0.75,-22.490409535114182,17.798482918920595
0.6210568275607651,0.31545661861091245,-7.794751031042024,1.595101864501327,-0.25,1.375,-18.894398119793237,17.798482985914937
0.6210568275607651,0.31545661861091245,-7.794751031042024,1.595101864501327,-0.25,2.0,34.85885397051152,17.7984839873472
0.6210568275607651,0.31545661861091245,-7.794751031042024,1.595101864501327,0.375,-0.5,407.9990710014073,17.798490938985516
0.6210568275607651,0.31545661861091245,-7.794751031042024,1.595101864501327,0.375,0.125,10.476301413656188,17.798483533096206
0.6210568275607651,0.31545661861091245,-7.794751031042024,1.595101864501327,0.375,0.75,203.2846972995947,17.798487125142927
0.6210568275607651,0.31545661861091245,-7.794751031042024,1.595101864501327,0.375,1.375,460.005348944446,17.798491907863667
0.6210568275607651,0.31545661861091245,-7.794751031042024,1.595101864501327,0.375,2.0,1395.8588090697644,17.79850934267462
0.6210568275607651,0.31545661861091245,-7.794751031042024,1.595101864501327,1.0,-0.5,7052.459099354382,17.798614717827018
0.6210568275607651,0.31545661861091245,-7.794751031042024,1.595101864501327,1.0,0.125,5089.68418067302,17.79857815512511
0.6210568275607651,0.31545661861091245,-7.794751031042024,1.595101864501327,1.0,0.75,6777.29617149542,17.79860959215424
0.6210568275607651,0.31545661861091245,-7.794751031042024,1.595101864501327,1.0,1.375,15319.639713822096,17.798768704746188
0.6210568275607651,0.31545661861091245,-7.794751031042024,1.595101864501327,1.0,2.0,59187.023948370326,17.799585394959696
-0.7346919774305878,-1.7838177239267645,-9.913412664778361,-0.1771040533419892,-1.5,-0.5,108.55321623697697,17.798485360284126
-0.7346919774305878,-1.7838177239267645,-9.913412664778361,-0.1771040533419892,-1.5,0.125,29.56750145356975,17.798483888768445
-0.7346919774305878,-1.7838177239267645,-9.913412664778361,-0.1771040533419892,-1.5,0.75,14.35326840403903,17.79848360532476
-0.7346919774305878,-1.7838177239267645,-9.913412664778361,-0.1771040533419892,-1.5,1.375,14.119032141207272,17.7984836009609
-0.7346919774305878,-1.7838177239267645,-9.913412664778361,-0.1771040533419892,-1.5,2.0,21.408196685782507,17.798483736759252
-0.7346919774305878,-1.7838177239267645,-9.913412664778361,-0.1771040533419892,-0.875,-0.5,63.330596621517095,17.79848451778022
-0.7346919774305878,-1.7838177239267645,-9.913412664778361,-0.1771040533419892,-0.875,0.125,4.705877846225182,17.79848342559223
-0.7346919774305878,-1.7838177239267645,-9.913412664778361,-0.1771040533419892,-0.875,0.75,-22.404884634377762,17.798482920513937
-0.7346919774305878,-1.7838177239267645,-9.913412664778361,-0.1771040533419892,-0.875,1.375,-46.8374860339745,17.79848246533004
-0.7346919774305878,-1.7838177239267645,-9.913412664778361,-0.1771040533419892,-0.875,2.0,31.413185976354058,17.79848392315385
-0.7346919774305878,-1.7838177239267645,-9.913412664778361,-0.1771040533419892,-0.25,-0.5,28.182845815525408,17.798483862972084
-0.7346919774305878,-1.7838177239267645,-9.913412664778361,-0.1771040533419892,-0.25,0.125,-60.54600702869523,17.79848220993766
-0.7346919774305878,-1.7838177239267645,-9.913412664778361,-0.1771040533419892,-0.25,0.75,-35.73290738570404,17.798482672210426
-0.7346919774305878,-1.7838177239267645,-9.913412664778361,-0.1771040533419892,-0.25,1.375,-40.91550863960087,17.798482575657598
-0.7346919774305878,-1.7838177239267645,-9.913412664778361,-0.1771040533419892,-0.25,2.0,-28.370077716270814,17.7984828093813
-0.7346919774305878,-1.7838177239267645,-9.913412664778361,-0.1771040533419892,0.375,-0.5,2.7151744913109184,17.798483388505083
-0.7346919774305878,-1.7838177239267645,-9.913412664778361,-0.1771040533419892,0.375,0.125,-138.54897495113565,17.798480756726136
-0.7346919774305878,-1.7838177239267645,-9.913412664778361,-0.1771040533419892,0.375,0.75,-33.069954386897244,17.798482721821735
-0.7346919774305878,-1.7838177239267645,-9.913412664778361,-0.1771040533419892,0.375,1.375,16.07543342726181,17.79848363740898
-0.7346919774305878,-1.7838177239267645,-9.913412664778361,-0.1771040533419892,0.375,2.0,47.23221151592093,17.79848421786482
-0.7346919774305878,-1.7838177239267645,-9.913412664778361,-0.1771040533419892,1.0,-0.5,-10.519640467226612,17.798483141938167
-0.7346919774305878,-1.7838177239267645,-9.913412664778361,-0.1771040533419892,1.0,0.125,-170.76848450029922,17.798480156469353
-0.7346919774305878,-1.7838177239267645,-9.913412664778361,-0.1771040533419892,1.0,0.75,-3.9968111904049373,17.798483263459627
-0.7346919774305878,-1.7838177239267645,-9.913412664778361,-0.1771040533419892,1.0,1.375,12.774480189149873,17.798483575911668
-0.7346919774305878,-1.7838177239267645,-9.913412664778361,-0.1771040533419892,1.0,2.0,49.384344167951525,17.79848425795939
