,a1,a2,a3,a4,X1exp,X2exp,Yexp
0,-1.6870249203970085,-0.8286817209087556,-4.30157407502578,0.8444931834159641,-1.2337811504962606,-1.4853578208745846,1680.2958379084573
1,-1.6870249203970085,-0.8286817209087556,-4.30157407502578,0.8444931834159641,-0.2858521511359444,0.8858987435270103,-1.739809167975551
2,-1.6870249203970085,-0.8286817209087556,-4.30157407502578,0.8444931834159641,-1.2337811504962606,-1.4853578208745846,1680.2958379084573
3,-1.6870249203970085,-0.8286817209087556,-4.30157407502578,0.8444931834159641,-0.2858521511359444,0.8858987435270103,-1.739809167975551
4,-1.6870249203970085,-0.8286817209087556,-4.30157407502578,0.8444931834159641,-1.2337811504962606,-1.4853578208745846,1680.2958379084573
5,-1.6870249203970085,-0.8286817209087556,-4.30157407502578,0.8444931834159641,-0.2858521511359444,0.8858987435270103,-1.739809167975551
6,-1.6870249203970085,-0.8286817209087556,-4.30157407502578,0.8444931834159641,-1.2337811504962606,-1.4853578208745846,1680.2958379084573
7,-1.6870249203970085,-0.8286817209087556,-4.30157407502578,0.8444931834159641,-0.2858521511359444,0.8858987435270103,-1.739809167975551
8,-1.6870249203970085,-0.8286817209087556,-4.30157407502578,0.8444931834159641,-1.2337811504962606,-1.4853578208745846,1680.2958379084573
9,-1.6870249203970085,-0.8286817209087556,-4.30157407502578,0.8444931834159641,-0.2858521511359444,0.8858987435270103,-1.739809167975551
10,-1.6870249203970085,-0.8286817209087556,-4.30157407502578,0.8444931834159641,-1.2337811504962606,-1.4853578208745846,1680.2958379084573
11,-1.6870249203970085,-0.8286817209087556,-4.30157407502578,0.8444931834159641,-0.2858521511359444,0.8858987435270103,-1.739809167975551
12,-1.6870249203970085,-0.8286817209087556,-4.30157407502578,0.8444931834159641,-1.2337811504962606,-1.4853578208745846,1680.2958379084573
13,-1.6870249203970085,-0.8286817209087556,-4.30157407502578,0.8444931834159641,-0.2858521511359444,0.8858987435270103,-1.739809167975551
14,-1.6870249203970085,-0.8286817209087556,-4.30157407502578,0.8444931834159641,-1.2337811504962606,-1.4853578208745846,1680.2958379084573
15,-1.6870249203970085,-0.8286817209087556,-4.30157407502578,0.8444931834159641,-0.2858521511359444,0.8858987435270103,-1.739809167975551
16,-1.6870249203970085,-0.8286817209087556,-4.30157407502578,0.8444931834159641,-1.2337811504962606,-1.4853578208745846,1680.2958379084573
17,-1.6870249203970085,-0.8286817209087556,-4.30157407502578,0.8444931834159641,-0.2858521511359444,0.8858987435270103,-1.739809167975551
18,-1.6870249203970085,-0.8286817209087556,-4.30157407502578,0.8444931834159641,-1.2337811504962606,-1.4853578208745846,1680.2958379084573
19,-1.6870249203970085,-0.8286817209087556,-4.30157407502578,0.8444931834159641,-0.2858521511359444,0.8858987435270103,-1.739809167975551
20,-1.6870249203970085,-0.8286817209087556,-4.30157407502578,0.8444931834159641,-1.2337811504962606,-0.8385258642628965,216.6355376878699
21,-1.6870249203970085,-0.8286817209087556,-4.30157407502578,0.8444931834159641,-0.2858521511359444,1.1806878903420612,-9.306349651458746
22,-1.6870249203970085,-0.8286817209087556,-4.30157407502578,0.8444931834159641,-1.2337811504962606,-0.8385258642628965,216.6355376878699
23,-1.6870249203970085,-0.8286817209087556,-4.30157407502578,0.8444931834159641,-0.2858521511359444,1.1806878903420612,-9.306349651458746
24,-1.6870249203970085,-0.8286817209087556,-4.30157407502578,0.8444931834159641,-1.2337811504962606,-0.8385258642628965,216.6355376878699
25,-0.9716074629603564,-1.9915380120490507,-6.930196824591443,-0.9836475258097526,-0.2858521511359444,1.1806878903420612,-20.841427904039126
26,-0.9716074629603564,-1.9915380120490507,-6.930196824591443,-0.9836475258097526,-1.2337811504962606,-0.8385258642628965,196.03534714929484
27,-0.9716074629603564,-1.9915380120490507,-6.930196824591443,-0.9836475258097526,-0.2858521511359444,1.1806878903420612,-20.841427904039126
28,-0.9716074629603564,-1.9915380120490507,-6.930196824591443,-0.9836475258097526,-1.2337811504962606,-0.8385258642628965,196.03534714929484
29,-0.9716074629603564,-1.9915380120490507,-6.930196824591443,-0.9836475258097526,-0.2858521511359444,1.1806878903420612,-20.841427904039126
30,-0.9716074629603564,-1.9915380120490507,-6.930196824591443,-0.9836475258097526,-1.2337811504962606,-0.8385258642628965,196.03534714929484
31,-0.9716074629603564,-1.9915380120490507,-6.930196824591443,-0.9836475258097526,-0.2858521511359444,1.1806878903420612,-20.841427904039126
32,-0.9716074629603564,-1.9915380120490507,-6.930196824591443,-0.9836475258097526,-1.2337811504962606,-0.8385258642628965,196.03534714929484
33,-0.9716074629603564,-1.9915380120490507,-6.930196824591443,-0.9836475258097526,-0.2858521511359444,1.1806878903420612,-20.841427904039126
34,-0.9716074629603564,-1.9915380120490507,-6.930196824591443,-0.9836475258097526,-1.2337811504962606,-0.8385258642628965,196.03534714929484
35,-0.9716074629603564,-1.9915380120490507,-6.930196824591443,-0.9836475258097526,-0.2858521511359444,1.1806878903420612,-20.841427904039126
36,-0.9716074629603564,-1.9915380120490507,-6.930196824591443,-0.9836475258097526,-1.2337811504962606,-0.8385258642628965,196.03534714929484
37,-0.9716074629603564,-1.9915380120490507,-6.930196824591443,-0.9836475258097526,-0.2858521511359444,1.1806878903420612,-20.841427904039126
38,-0.9716074629603564,-1.9915380120490507,-6.930196824591443,-0.9836475258097526,-1.2337811504962606,-0.8385258642628965,196.03534714929484
39,-0.9716074629603564,-1.9915380120490507,-6.930196824591443,-0.9836475258097526,-0.2858521511359444,1.1806878903420612,-20.841427904039126
40,-0.9716074629603564,-1.9915380120490507,-6.930196824591443,-0.9836475258097526,0.7996064812435546,-0.8385258642628965,0.7378966396016997
41,-0.9716074629603564,-1.9915380120490507,-6.930196824591443,-0.9836475258097526,-0.47219176036502236,1.1806878903420612,-67.31363118403732
42,-0.9716074629603564,-1.9915380120490507,-6.930196824591443,-0.9836475258097526,0.7996064812435546,-0.8385258642628965,0.7378966396016997
43,-0.9716074629603564,-1.9915380120490507,-6.930196824591443,-0.9836475258097526,-0.47219176036502236,1.1806878903420612,-67.31363118403732
44,-0.9716074629603564,-1.9915380120490507,-6.930196824591443,-0.9836475258097526,0.7996064812435546,-0.8385258642628965,0.7378966396016997
45,-0.9716074629603564,-1.9915380120490507,-6.930196824591443,-0.9836475258097526,-0.47219176036502236,1.1806878903420612,-67.31363118403732
46,-0.9716074629603564,-1.9915380120490507,-6.930196824591443,-0.9836475258097526,0.7996064812435546,-0.8385258642628965,0.7378966396016997
47,-0.9716074629603564,-1.9915380120490507,-6.930196824591443,-0.9836475258097526,-0.47219176036502236,1.1806878903420612,-67.31363118403732
48,-0.9716074629603564,-1.9915380120490507,-6.930196824591443,-0.9836475258097526,0.7996064812435546,-0.8385258642628965,0.7378966396016997
49,-0.9716074629603564,-1.9915380120490507,-6.930196824591443,-0.9836475258097526,-0.47219176036502236,1.1806878903420612,-67.31363118403732
50,-0.002658773446759799,-1.443724800012951,-1.7424721634886442,-0.4130308394740214,0.7996064812435546,-0.8385258642628965,5.585720906418013
51,-0.002658773446759799,-1.443724800012951,-1.7424721634886442,-0.4130308394740214,-0.47219176036502236,1.1806878903420612,-65.58375756770153
52,-0.002658773446759799,-1.443724800012951,-1.7424721634886442,-0.4130308394740214,0.7996064812435546,-0.8385258642628965,5.585720906418013
53,-0.002658773446759799,-1.443724800012951,-1.7424721634886442,-0.4130308394740214,-0.47219176036502236,1.1806878903420612,-65.58375756770153
54,-0.002658773446759799,-1.443724800012951,-1.7424721634886442,-0.4130308394740214,0.7996064812435546,-0.8385258642628965,5.585720906418013
55,-0.002658773446759799,-1.443724800012951,-1.7424721634886442,-0.4130308394740214,-0.47219176036502236,1.1806878903420612,-65.58375756770153
56,-0.002658773446759799,-1.443724800012951,-1.7424721634886442,-0.4130308394740214,0.7996064812435546,-0.8385258642628965,5.585720906418013
57,-0.002658773446759799,-1.443724800012951,-1.7424721634886442,-0.4130308394740214,-0.47219176036502236,1.1806878903420612,-65.58375756770153
58,-0.002658773446759799,-1.443724800012951,-1.7424721634886442,-0.4130308394740214,0.7996064812435546,-0.8385258642628965,5.585720906418013
59,-0.002658773446759799,-1.443724800012951,-1.7424721634886442,-0.4130308394740214,-0.47219176036502236,1.1806878903420612,-65.58375756770153
60,-0.002658773446759799,-1.443724800012951,-1.7424721634886442,-0.4130308394740214,0.7996064812435546,0.8845952239912225,-5.623504803136141
61,-0.002658773446759799,-1.443724800012951,-1.7424721634886442,-0.4130308394740214,-0.47219176036502236,-0.011216347481789068,-184.05550945689265
62,-0.002658773446759799,-1.443724800012951,-1.7424721634886442,-0.4130308394740214,0.7996064812435546,0.8845952239912225,-5.623504803136141
63,-0.002658773446759799,-1.443724800012951,-1.7424721634886442,-0.4130308394740214,-0.47219176036502236,-0.011216347481789068,-184.05550945689265
64,-0.002658773446759799,-1.443724800012951,-1.7424721634886442,-0.4130308394740214,0.7996064812435546,0.8845952239912225,-5.623504803136141
65,-0.002658773446759799,-1.443724800012951,-1.7424721634886442,-0.4130308394740214,-0.47219176036502236,-0.011216347481789068,-184.05550945689265
66,-0.002658773446759799,-1.443724800012951,-1.7424721634886442,-0.4130308394740214,0.7996064812435546,0.8845952239912225,-5.623504803136141
67,-0.002658773446759799,-1.443724800012951,-1.7424721634886442,-0.4130308394740214,-0.47219176036502236,-0.011216347481789068,-184.05550945689265
68,-0.002658773446759799,-1.443724800012951,-1.7424721634886442,-0.4130308394740214,0.7996064812435546,0.8845952239912225,-5.623504803136141
69,-0.002658773446759799,-1.443724800012951,-1.7424721634886442,-0.4130308394740214,-0.47219176036502236,-0.011216347481789068,-184.05550945689265
70,-0.002658773446759799,-1.443724800012951,-1.7424721634886442,-0.4130308394740214,0.7996064812435546,0.8845952239912225,-5.623504803136141
71,-0.002658773446759799,-1.443724800012951,-1.7424721634886442,-0.4130308394740214,-0.47219176036502236,-0.011216347481789068,-184.05550945689265
72,-0.002658773446759799,-1.443724800012951,-1.7424721634886442,-0.4130308394740214,0.7996064812435546,0.8845952239912225,-5.623504803136141
73,-0.002658773446759799,-1.443724800012951,-1.7424721634886442,-0.4130308394740214,-0.47219176036502236,-0.011216347481789068,-184.05550945689265
74,-0.002658773446759799,-1.443724800012951,-1.7424721634886442,-0.4130308394740214,0.7996064812435546,0.8845952239912225,-5.623504803136141
75,-0.6005626050679393,-0.1830621436971256,-3.4916511221430877,1.243078029465464,-0.47219176036502236,-0.011216347481789068,-29.887200686589406
76,-0.6005626050679393,-0.1830621436971256,-3.4916511221430877,1.243078029465464,0.7996064812435546,0.8845952239912225,728.5322730308794
77,-0.6005626050679393,-0.1830621436971256,-3.4916511221430877,1.243078029465464,-0.47219176036502236,-0.011216347481789068,-29.887200686589406
78,-0.6005626050679393,-0.1830621436971256,-3.4916511221430877,1.243078029465464,0.7996064812435546,0.8845952239912225,728.5322730308794
79,-0.6005626050679393,-0.1830621436971256,-3.4916511221430877,1.243078029465464,-0.47219176036502236,-0.011216347481789068,-29.887200686589406
80,-0.6005626050679393,-0.1830621436971256,-3.4916511221430877,1.243078029465464,-0.5895093287004457,0.8845952239912225,-29.094747711251728
81,-0.6005626050679393,-0.1830621436971256,-3.4916511221430877,1.243078029465464,1.0105774849386866,-0.011216347481789068,1173.042388004887
82,-0.6005626050679393,-0.1830621436971256,-3.4916511221430877,1.243078029465464,-0.5895093287004457,0.8845952239912225,-29.094747711251728
83,-0.6005626050679393,-0.1830621436971256,-3.4916511221430877,1.243078029465464,1.0105774849386866,-0.011216347481789068,1173.042388004887
84,-0.6005626050679393,-0.1830621436971256,-3.4916511221430877,1.243078029465464,-0.5895093287004457,0.8845952239912225,-29.094747711251728
85,-0.6005626050679393,-0.1830621436971256,-3.4916511221430877,1.243078029465464,1.0105774849386866,-0.011216347481789068,1173.042388004887
86,-0.6005626050679393,-0.1830621436971256,-3.4916511221430877,1.243078029465464,-0.5895093287004457,0.8845952239912225,-29.094747711251728
87,-0.6005626050679393,-0.1830621436971256,-3.4916511221430877,1.243078029465464,1.0105774849386866,-0.011216347481789068,1173.042388004887
88,-0.6005626050679393,-0.1830621436971256,-3.4916511221430877,1.243078029465464,-0.5895093287004457,0.8845952239912225,-29.094747711251728
89,-0.6005626050679393,-0.1830621436971256,-3.4916511221430877,1.243078029465464,1.0105774849386866,-0.011216347481789068,1173.042388004887
90,-0.6005626050679393,-0.1830621436971256,-3.4916511221430877,1.243078029465464,-0.5895093287004457,0.8845952239912225,-29.094747711251728
91,-0.6005626050679393,-0.1830621436971256,-3.4916511221430877,1.243078029465464,1.0105774849386866,-0.011216347481789068,1173.042388004887
92,-0.6005626050679393,-0.1830621436971256,-3.4916511221430877,1.243078029465464,-0.5895093287004457,0.8845952239912225,-29.094747711251728
93,-0.6005626050679393,-0.1830621436971256,-3.4916511221430877,1.243078029465464,1.0105774849386866,-0.011216347481789068,1173.042388004887
94,-0.6005626050679393,-0.1830621436971256,-3.4916511221430877,1.243078029465464,-0.5895093287004457,0.8845952239912225,-29.094747711251728
95,-0.6005626050679393,-0.1830621436971256,-3.4916511221430877,1.243078029465464,1.0105774849386866,-0.011216347481789068,1173.042388004887
96,-0.6005626050679393,-0.1830621436971256,-3.4916511221430877,1.243078029465464,-0.5895093287004457,0.8845952239912225,-29.094747711251728
97,-0.6005626050679393,-0.1830621436971256,-3.4916511221430877,1.243078029465464,1.0105774849386866,-0.011216347481789068,1173.042388004887
98,-0.6005626050679393,-0.1830621436971256,-3.4916511221430877,1.243078029465464,-0.5895093287004457,0.8845952239912225,-29.094747711251728
99,-0.6005626050679393,-0.1830621436971256,-3.4916511221430877,1.243078029465464,1.0105774849386866,-0.011216347481789068,1173.042388004887
100,-1.9315603489978272,-1.7705333704589454,-5.149590536599123,1.4518503034248504,-0.5895093287004457,-0.6712664431425008,89.66419236663138
101,-1.9315603489978272,-1.7705333704589454,-5.149590536599123,1.4518503034248504,1.0105774849386866,1.7992576320613423,21772.15541378614
102,-1.9315603489978272,-1.7705333704589454,-5.149590536599123,1.4518503034248504,-0.5895093287004457,-0.6712664431425008,89.66419236663138
103,-1.9315603489978272,-1.7705333704589454,-5.149590536599123,1.4518503034248504,1.0105774849386866,1.7992576320613423,21772.15541378614
104,-1.9315603489978272,-1.7705333704589454,-5.149590536599123,1.4518503034248504,-0.5895093287004457,-0.6712664431425008,89.66419236663138
105,-1.9315603489978272,-1.7705333704589454,-5.149590536599123,1.4518503034248504,1.0105774849386866,1.7992576320613423,21772.15541378614
106,-1.9315603489978272,-1.7705333704589454,-5.149590536599123,1.4518503034248504,-0.5895093287004457,-0.6712664431425008,89.66419236663138
107,-1.9315603489978272,-1.7705333704589454,-5.149590536599123,1.4518503034248504,1.0105774849386866,1.7992576320613423,21772.15541378614
108,-1.9315603489978272,-1.7705333704589454,-5.149590536599123,1.4518503034248504,-0.5895093287004457,-0.6712664431425008,89.66419236663138
109,-1.9315603489978272,-1.7705333704589454,-5.149590536599123,1.4518503034248504,1.0105774849386866,1.7992576320613423,21772.15541378614
110,-1.9315603489978272,-1.7705333704589454,-5.149590536599123,1.4518503034248504,-0.5895093287004457,-0.6712664431425008,89.66419236663138
111,-1.9315603489978272,-1.7705333704589454,-5.149590536599123,1.4518503034248504,1.0105774849386866,1.7992576320613423,21772.15541378614
112,-1.9315603489978272,-1.7705333704589454,-5.149590536599123,1.4518503034248504,-0.5895093287004457,-0.6712664431425008,89.66419236663138
113,-1.9315603489978272,-1.7705333704589454,-5.149590536599123,1.4518503034248504,1.0105774849386866,1.7992576320613423,21772.15541378614
114,-1.9315603489978272,-1.7705333704589454,-5.149590536599123,1.4518503034248504,-0.5895093287004457,-0.6712664431425008,89.66419236663138
115,-1.9315603489978272,-1.7705333704589454,-5.149590536599123,1.4518503034248504,1.0105774849386866,1.7992576320613423,21772.15541378614
116,-1.9315603489978272,-1.7705333704589454,-5.149590536599123,1.4518503034248504,-0.5895093287004457,-0.6712664431425008,89.66419236663138
117,-1.9315603489978272,-1.7705333704589454,-5.149590536599123,1.4518503034248504,1.0105774849386866,1.7992576320613423,21772.15541378614
118,-1.9315603489978272,-1.7705333704589454,-5.149590536599123,1.4518503034248504,-0.5895093287004457,-0.6712664431425008,89.66419236663138
119,-1.9315603489978272,-1.7705333704589454,-5.149590536599123,1.4518503034248504,1.0105774849386866,1.7992576320613423,21772.15541378614
120,-1.9315603489978272,-1.7705333704589454,-5.149590536599123,1.4518503034248504,0.3924507938521393,-0.6712664431425008,436.8078496932027
121,-1.9315603489978272,-1.7705333704589454,-5.149590536599123,1.4518503034248504,1.6352202963689049,1.7992576320613423,1985060.6613226433
122,-1.9315603489978272,-1.7705333704589454,-5.149590536599123,1.4518503034248504,0.3924507938521393,-0.6712664431425008,436.8078496932027
123,-1.9315603489978272,-1.7705333704589454,-5.149590536599123,1.4518503034248504,1.6352202963689049,1.7992576320613423,1985060.6613226433
124,-1.9315603489978272,-1.7705333704589454,-5.149590536599123,1.4518503034248504,0.3924507938521393,-0.6712664431425008,436.8078496932027
125,-1.1279747219748288,-1.8782590915328132,-8.993870373447288,-0.7972477098560478,1.6352202963689049,1.7992576320613423,0.3271145571063979
126,-1.1279747219748288,-1.8782590915328132,-8.993870373447288,-0.7972477098560478,0.3924507938521393,-0.6712664431425008,4.134455340418329
127,-1.1279747219748288,-1.8782590915328132,-8.993870373447288,-0.7972477098560478,1.6352202963689049,1.7992576320613423,0.3271145571063979
128,-1.1279747219748288,-1.8782590915328132,-8.993870373447288,-0.7972477098560478,0.3924507938521393,-0.6712664431425008,4.134455340418329
129,-1.1279747219748288,-1.8782590915328132,-8.993870373447288,-0.7972477098560478,1.6352202963689049,1.7992576320613423,0.3271145571063979
130,-1.1279747219748288,-1.8782590915328132,-8.993870373447288,-0.7972477098560478,0.3924507938521393,-0.6712664431425008,4.134455340418329
131,-1.1279747219748288,-1.8782590915328132,-8.993870373447288,-0.7972477098560478,1.6352202963689049,1.7992576320613423,0.3271145571063979
132,-1.1279747219748288,-1.8782590915328132,-8.993870373447288,-0.7972477098560478,0.3924507938521393,-0.6712664431425008,4.134455340418329
133,-1.1279747219748288,-1.8782590915328132,-8.993870373447288,-0.7972477098560478,1.6352202963689049,1.7992576320613423,0.3271145571063979
134,-1.1279747219748288,-1.8782590915328132,-8.993870373447288,-0.7972477098560478,0.3924507938521393,-0.6712664431425008,4.134455340418329
135,-1.1279747219748288,-1.8782590915328132,-8.993870373447288,-0.7972477098560478,1.6352202963689049,1.7992576320613423,0.3271145571063979
136,-1.1279747219748288,-1.8782590915328132,-8.993870373447288,-0.7972477098560478,0.3924507938521393,-0.6712664431425008,4.134455340418329
137,-1.1279747219748288,-1.8782590915328132,-8.993870373447288,-0.7972477098560478,1.6352202963689049,1.7992576320613423,0.3271145571063979
138,-1.1279747219748288,-1.8782590915328132,-8.993870373447288,-0.7972477098560478,0.3924507938521393,-0.6712664431425008,4.134455340418329
139,-1.1279747219748288,-1.8782590915328132,-8.993870373447288,-0.7972477098560478,1.6352202963689049,1.7992576320613423,0.3271145571063979
140,-1.1279747219748288,-1.8782590915328132,-8.993870373447288,-0.7972477098560478,0.3924507938521393,0.19028376288516435,-117.94568203243406
141,-1.1279747219748288,-1.8782590915328132,-8.993870373447288,-0.7972477098560478,1.6352202963689049,1.4008927649378466,0.12448581880745586
142,-1.1279747219748288,-1.8782590915328132,-8.993870373447288,-0.7972477098560478,0.3924507938521393,0.19028376288516435,-117.94568203243406
143,-1.1279747219748288,-1.8782590915328132,-8.993870373447288,-0.7972477098560478,1.6352202963689049,1.4008927649378466,0.12448581880745586
144,-1.1279747219748288,-1.8782590915328132,-8.993870373447288,-0.7972477098560478,0.3924507938521393,0.19028376288516435,-117.94568203243406
145,-1.1279747219748288,-1.8782590915328132,-8.993870373447288,-0.7972477098560478,1.6352202963689049,1.4008927649378466,0.12448581880745586
146,-1.1279747219748288,-1.8782590915328132,-8.993870373447288,-0.7972477098560478,0.3924507938521393,0.19028376288516435,-117.94568203243406
147,-1.1279747219748288,-1.8782590915328132,-8.993870373447288,-0.7972477098560478,1.6352202963689049,1.4008927649378466,0.12448581880745586
148,-1.1279747219748288,-1.8782590915328132,-8.993870373447288,-0.7972477098560478,0.3924507938521393,0.19028376288516435,-117.94568203243406
149,-1.1279747219748288,-1.8782590915328132,-8.993870373447288,-0.7972477098560478,1.6352202963689049,1.4008927649378466,0.12448581880745586
150,-0.48828625669966774,-0.3912810051783917,-7.854103457051586,0.4891006245472984,0.3924507938521393,0.19028376288516435,-121.20713783457555
151,-0.48828625669966774,-0.3912810051783917,-7.854103457051586,0.4891006245472984,1.6352202963689049,1.4008927649378466,944.7379493941344
152,-0.48828625669966774,-0.3912810051783917,-7.854103457051586,0.4891006245472984,0.3924507938521393,0.19028376288516435,-121.20713783457555
153,-0.48828625669966774,-0.3912810051783917,-7.854103457051586,0.4891006245472984,1.6352202963689049,1.4008927649378466,944.7379493941344
154,-0.48828625669966774,-0.3912810051783917,-7.854103457051586,0.4891006245472984,0.3924507938521393,0.19028376288516435,-121.20713783457555
155,-0.48828625669966774,-0.3912810051783917,-7.854103457051586,0.4891006245472984,1.6352202963689049,1.4008927649378466,944.7379493941344
156,-0.48828625669966774,-0.3912810051783917,-7.854103457051586,0.4891006245472984,0.3924507938521393,0.19028376288516435,-121.20713783457555
157,-0.48828625669966774,-0.3912810051783917,-7.854103457051586,0.4891006245472984,1.6352202963689049,1.4008927649378466,944.7379493941344
158,-0.48828625669966774,-0.3912810051783917,-7.854103457051586,0.4891006245472984,0.3924507938521393,0.19028376288516435,-121.20713783457555
159,-0.48828625669966774,-0.3912810051783917,-7.854103457051586,0.4891006245472984,1.6352202963689049,1.4008927649378466,944.7379493941344
160,-0.48828625669966774,-0.3912810051783917,-7.854103457051586,0.4891006245472984,-1.2533234668084496,0.19028376288516435,-6.157910657080478
161,-0.48828625669966774,-0.3912810051783917,-7.854103457051586,0.4891006245472984,1.3203439999838114,1.4008927649378466,408.2807851265368
162,-0.48828625669966774,-0.3912810051783917,-7.854103457051586,0.4891006245472984,-1.2533234668084496,0.19028376288516435,-6.157910657080478
163,-0.48828625669966774,-0.3912810051783917,-7.854103457051586,0.4891006245472984,1.3203439999838114,1.4008927649378466,408.2807851265368
164,-0.48828625669966774,-0.3912810051783917,-7.854103457051586,0.4891006245472984,-1.2533234668084496,0.19028376288516435,-6.157910657080478
165,-0.48828625669966774,-0.3912810051783917,-7.854103457051586,0.4891006245472984,1.3203439999838114,1.4008927649378466,408.2807851265368
166,-0.48828625669966774,-0.3912810051783917,-7.854103457051586,0.4891006245472984,-1.2533234668084496,0.19028376288516435,-6.157910657080478
167,-0.48828625669966774,-0.3912810051783917,-7.854103457051586,0.4891006245472984,1.3203439999838114,1.4008927649378466,408.2807851265368
168,-0.48828625669966774,-0.3912810051783917,-7.854103457051586,0.4891006245472984,-1.2533234668084496,0.19028376288516435,-6.157910657080478
169,-0.48828625669966774,-0.3912810051783917,-7.854103457051586,0.4891006245472984,1.3203439999838114,1.4008927649378466,408.2807851265368
170,-0.48828625669966774,-0.3912810051783917,-7.854103457051586,0.4891006245472984,-1.2533234668084496,0.19028376288516435,-6.157910657080478
171,-0.48828625669966774,-0.3912810051783917,-7.854103457051586,0.4891006245472984,1.3203439999838114,1.4008927649378466,408.2807851265368
172,-0.48828625669966774,-0.3912810051783917,-7.854103457051586,0.4891006245472984,-1.2533234668084496,0.19028376288516435,-6.157910657080478
173,-0.48828625669966774,-0.3912810051783917,-7.854103457051586,0.4891006245472984,1.3203439999838114,1.4008927649378466,408.2807851265368
174,-0.48828625669966774,-0.3912810051783917,-7.854103457051586,0.4891006245472984,-1.2533234668084496,0.19028376288516435,-6.157910657080478
175,-1.792323820807022,-0.2089730779854313,-5.685065772570003,0.07881221129814708,1.3203439999838114,1.4008927649378466,44.81477615962922
176,-1.792323820807022,-0.2089730779854313,-5.685065772570003,0.07881221129814708,-1.2533234668084496,0.19028376288516435,-5.647310042532673
177,-1.792323820807022,-0.2089730779854313,-5.685065772570003,0.07881221129814708,1.3203439999838114,1.4008927649378466,44.81477615962922
178,-1.792323820807022,-0.2089730779854313,-5.685065772570003,0.07881221129814708,-1.2533234668084496,0.19028376288516435,-5.647310042532673
179,-1.792323820807022,-0.2089730779854313,-5.685065772570003,0.07881221129814708,1.3203439999838114,1.4008927649378466,44.81477615962922
180,-1.792323820807022,-0.2089730779854313,-5.685065772570003,0.07881221129814708,-1.2533234668084496,0.6006142008151194,-107.78760350801664
181,-1.792323820807022,-0.2089730779854313,-5.685065772570003,0.07881221129814708,1.3203439999838114,1.9922183128229172,181.79346654143018
182,-1.792323820807022,-0.2089730779854313,-5.685065772570003,0.07881221129814708,-1.2533234668084496,0.6006142008151194,-107.78760350801664
183,-1.792323820807022,-0.2089730779854313,-5.685065772570003,0.07881221129814708,1.3203439999838114,1.9922183128229172,181.79346654143018
184,-1.792323820807022,-0.2089730779854313,-5.685065772570003,0.07881221129814708,-1.2533234668084496,0.6006142008151194,-107.78760350801664
185,-1.792323820807022,-0.2089730779854313,-5.685065772570003,0.07881221129814708,1.3203439999838114,1.9922183128229172,181.79346654143018
186,-1.792323820807022,-0.2089730779854313,-5.685065772570003,0.07881221129814708,-1.2533234668084496,0.6006142008151194,-107.78760350801664
187,-1.792323820807022,-0.2089730779854313,-5.685065772570003,0.07881221129814708,1.3203439999838114,1.9922183128229172,181.79346654143018
188,-1.792323820807022,-0.2089730779854313,-5.685065772570003,0.07881221129814708,-1.2533234668084496,0.6006142008151194,-107.78760350801664
189,-1.792323820807022,-0.2089730779854313,-5.685065772570003,0.07881221129814708,1.3203439999838114,1.9922183128229172,181.79346654143018
190,-1.792323820807022,-0.2089730779854313,-5.685065772570003,0.07881221129814708,-1.2533234668084496,0.6006142008151194,-107.78760350801664
191,-1.792323820807022,-0.2089730779854313,-5.685065772570003,0.07881221129814708,1.3203439999838114,1.9922183128229172,181.79346654143018
192,-1.792323820807022,-0.2089730779854313,-5.685065772570003,0.07881221129814708,-1.2533234668084496,0.6006142008151194,-107.78760350801664
193,-1.792323820807022,-0.2089730779854313,-5.685065772570003,0.07881221129814708,1.3203439999838114,1.9922183128229172,181.79346654143018
194,-1.792323820807022,-0.2089730779854313,-5.685065772570003,0.07881221129814708,-1.2533234668084496,0.6006142008151194,-107.78760350801664
195,-1.792323820807022,-0.2089730779854313,-5.685065772570003,0.07881221129814708,1.3203439999838114,1.9922183128229172,181.79346654143018
196,-1.792323820807022,-0.2089730779854313,-5.685065772570003,0.07881221129814708,-1.2533234668084496,0.6006142008151194,-107.78760350801664
197,-1.792323820807022,-0.2089730779854313,-5.685065772570003,0.07881221129814708,1.3203439999838114,1.9922183128229172,181.79346654143018
198,-1.792323820807022,-0.2089730779854313,-5.685065772570003,0.07881221129814708,-1.2533234668084496,0.6006142008151194,-107.78760350801664
199,-1.792323820807022,-0.2089730779854313,-5.685065772570003,0.07881221129814708,1.3203439999838114,1.9922183128229172,181.79346654143018
200,-0.5477729896918686,-1.0792857880497229,-8.097543196739522,0.38754930051666747,0.689381959127839,0.6006142008151194,-25.438408415196307
201,-0.5477729896918686,-1.0792857880497229,-8.097543196739522,0.38754930051666747,0.36685572532873656,1.9922183128229172,130.315702002483
202,-0.5477729896918686,-1.0792857880497229,-8.097543196739522,0.38754930051666747,0.689381959127839,0.6006142008151194,-25.438408415196307
203,-0.5477729896918686,-1.0792857880497229,-8.097543196739522,0.38754930051666747,0.36685572532873656,1.9922183128229172,130.315702002483
204,-0.5477729896918686,-1.0792857880497229,-8.097543196739522,0.38754930051666747,0.689381959127839,0.6006142008151194,-25.438408415196307
205,-0.5477729896918686,-1.0792857880497229,-8.097543196739522,0.38754930051666747,0.36685572532873656,1.9922183128229172,130.315702002483
206,-0.5477729896918686,-1.0792857880497229,-8.097543196739522,0.38754930051666747,0.689381959127839,0.6006142008151194,-25.438408415196307
207,-0.5477729896918686,-1.0792857880497229,-8.097543196739522,0.38754930051666747,0.36685572532873656,1.9922183128229172,130.315702002483
208,-0.5477729896918686,-1.0792857880497229,-8.097543196739522,0.38754930051666747,0.689381959127839,0.6006142008151194,-25.438408415196307
209,-0.5477729896918686,-1.0792857880497229,-8.097543196739522,0.38754930051666747,0.36685572532873656,1.9922183128229172,130.315702002483
210,-0.5477729896918686,-1.0792857880497229,-8.097543196739522,0.38754930051666747,0.689381959127839,0.6006142008151194,-25.438408415196307
211,-0.5477729896918686,-1.0792857880497229,-8.097543196739522,0.38754930051666747,0.36685572532873656,1.9922183128229172,130.315702002483
212,-0.5477729896918686,-1.0792857880497229,-8.097543196739522,0.38754930051666747,0.689381959127839,0.6006142008151194,-25.438408415196307
213,-0.5477729896918686,-1.0792857880497229,-8.097543196739522,0.38754930051666747,0.36685572532873656,1.9922183128229172,130.315702002483
214,-0.5477729896918686,-1.0792857880497229,-8.097543196739522,0.38754930051666747,0.689381959127839,0.6006142008151194,-25.438408415196307
215,-0.5477729896918686,-1.0792857880497229,-8.097543196739522,0.38754930051666747,0.36685572532873656,1.9922183128229172,130.315702002483
216,-0.5477729896918686,-1.0792857880497229,-8.097543196739522,0.38754930051666747,0.689381959127839,0.6006142008151194,-25.438408415196307
217,-0.5477729896918686,-1.0792857880497229,-8.097543196739522,0.38754930051666747,0.36685572532873656,1.9922183128229172,130.315702002483
218,-0.5477729896918686,-1.0792857880497229,-8.097543196739522,0.38754930051666747,0.689381959127839,0.6006142008151194,-25.438408415196307
219,-0.5477729896918686,-1.0792857880497229,-8.097543196739522,0.38754930051666747,0.36685572532873656,1.9922183128229172,130.315702002483
220,-0.5477729896918686,-1.0792857880497229,-8.097543196739522,0.38754930051666747,0.689381959127839,-0.2658148009049899,-55.179951131354
221,-0.5477729896918686,-1.0792857880497229,-8.097543196739522,0.38754930051666747,0.36685572532873656,-0.24534769811464535,-55.28843574018906
222,-0.5477729896918686,-1.0792857880497229,-8.097543196739522,0.38754930051666747,0.689381959127839,-0.2658148009049899,-55.179951131354
223,-0.5477729896918686,-1.0792857880497229,-8.097543196739522,0.38754930051666747,0.36685572532873656,-0.24534769811464535,-55.28843574018906
224,-0.5477729896918686,-1.0792857880497229,-8.097543196739522,0.38754930051666747,0.689381959127839,-0.2658148009049899,-55.179951131354
225,-1.012651840723992,-0.6962781584917164,-1.0663872686147151,-1.6452196654726343,0.36685572532873656,-0.24534769811464535,-72.60932620192642
226,-1.012651840723992,-0.6962781584917164,-1.0663872686147151,-1.6452196654726343,0.689381959127839,-0.2658148009049899,-89.56926668583377
227,-1.012651840723992,-0.6962781584917164,-1.0663872686147151,-1.6452196654726343,0.36685572532873656,-0.24534769811464535,-72.60932620192642
228,-1.012651840723992,-0.6962781584917164,-1.0663872686147151,-1.6452196654726343,0.689381959127839,-0.2658148009049899,-89.56926668583377
229,-1.012651840723992,-0.6962781584917164,-1.0663872686147151,-1.6452196654726343,0.36685572532873656,-0.24534769811464535,-72.60932620192642
230,-1.012651840723992,-0.6962781584917164,-1.0663872686147151,-1.6452196654726343,0.689381959127839,-0.2658148009049899,-89.56926668583377
231,-1.012651840723992,-0.6962781584917164,-1.0663872686147151,-1.6452196654726343,0.36685572532873656,-0.24534769811464535,-72.60932620192642
232,-1.012651840723992,-0.6962781584917164,-1.0663872686147151,-1.6452196654726343,0.689381959127839,-0.2658148009049899,-89.56926668583377
233,-1.012651840723992,-0.6962781584917164,-1.0663872686147151,-1.6452196654726343,0.36685572532873656,-0.24534769811464535,-72.60932620192642
234,-1.012651840723992,-0.6962781584917164,-1.0663872686147151,-1.6452196654726343,0.689381959127839,-0.2658148009049899,-89.56926668583377
235,-1.012651840723992,-0.6962781584917164,-1.0663872686147151,-1.6452196654726343,0.36685572532873656,-0.24534769811464535,-72.60932620192642
236,-1.012651840723992,-0.6962781584917164,-1.0663872686147151,-1.6452196654726343,0.689381959127839,-0.2658148009049899,-89.56926668583377
237,-1.012651840723992,-0.6962781584917164,-1.0663872686147151,-1.6452196654726343,0.36685572532873656,-0.24534769811464535,-72.60932620192642
238,-1.012651840723992,-0.6962781584917164,-1.0663872686147151,-1.6452196654726343,0.689381959127839,-0.2658148009049899,-89.56926668583377
239,-1.012651840723992,-0.6962781584917164,-1.0663872686147151,-1.6452196654726343,0.36685572532873656,-0.24534769811464535,-72.60932620192642
240,-1.012651840723992,-0.6962781584917164,-1.0663872686147151,-1.6452196654726343,-0.3757032563349241,-0.2658148009049899,0.32080495798866515
241,-1.012651840723992,-0.6962781584917164,-1.0663872686147151,-1.6452196654726343,0.646172320378593,-0.24534769811464535,-96.64273961520827
242,-1.012651840723992,-0.6962781584917164,-1.0663872686147151,-1.6452196654726343,-0.3757032563349241,-0.2658148009049899,0.32080495798866515
243,-1.012651840723992,-0.6962781584917164,-1.0663872686147151,-1.6452196654726343,0.646172320378593,-0.24534769811464535,-96.64273961520827
244,-1.012651840723992,-0.6962781584917164,-1.0663872686147151,-1.6452196654726343,-0.3757032563349241,-0.2658148009049899,0.32080495798866515
245,-1.012651840723992,-0.6962781584917164,-1.0663872686147151,-1.6452196654726343,0.646172320378593,-0.24534769811464535,-96.64273961520827
246,-1.012651840723992,-0.6962781584917164,-1.0663872686147151,-1.6452196654726343,-0.3757032563349241,-0.2658148009049899,0.32080495798866515
247,-1.012651840723992,-0.6962781584917164,-1.0663872686147151,-1.6452196654726343,0.646172320378593,-0.24534769811464535,-96.64273961520827
248,-1.012651840723992,-0.6962781584917164,-1.0663872686147151,-1.6452196654726343,-0.3757032563349241,-0.2658148009049899,0.32080495798866515
249,-1.012651840723992,-0.6962781584917164,-1.0663872686147151,-1.6452196654726343,0.646172320378593,-0.24534769811464535,-96.64273961520827
250,-0.23770563709562187,-1.1623421641340796,-9.391048065334651,0.7842702212461434,-0.3757032563349241,-0.2658148009049899,-24.254341480496215
251,-0.23770563709562187,-1.1623421641340796,-9.391048065334651,0.7842702212461434,0.646172320378593,-0.24534769811464535,2.161838643116596
252,-0.23770563709562187,-1.1623421641340796,-9.391048065334651,0.7842702212461434,-0.3757032563349241,-0.2658148009049899,-24.254341480496215
253,-0.23770563709562187,-1.1623421641340796,-9.391048065334651,0.7842702212461434,0.646172320378593,-0.24534769811464535,2.161838643116596
254,-0.23770563709562187,-1.1623421641340796,-9.391048065334651,0.7842702212461434,-0.3757032563349241,-0.2658148009049899,-24.254341480496215
255,-0.23770563709562187,-1.1623421641340796,-9.391048065334651,0.7842702212461434,0.646172320378593,-0.24534769811464535,2.161838643116596
256,-0.23770563709562187,-1.1623421641340796,-9.391048065334651,0.7842702212461434,-0.3757032563349241,-0.2658148009049899,-24.254341480496215
257,-0.23770563709562187,-1.1623421641340796,-9.391048065334651,0.7842702212461434,0.646172320378593,-0.24534769811464535,2.161838643116596
258,-0.23770563709562187,-1.1623421641340796,-9.391048065334651,0.7842702212461434,-0.3757032563349241,-0.2658148009049899,-24.254341480496215
259,-0.23770563709562187,-1.1623421641340796,-9.391048065334651,0.7842702212461434,0.646172320378593,-0.24534769811464535,2.161838643116596
260,-0.23770563709562187,-1.1623421641340796,-9.391048065334651,0.7842702212461434,-0.3757032563349241,0.3584031828463212,-83.39710922006765
261,-0.23770563709562187,-1.1623421641340796,-9.391048065334651,0.7842702212461434,0.646172320378593,0.47173770907960355,8.608774274499751
262,-0.23770563709562187,-1.1623421641340796,-9.391048065334651,0.7842702212461434,-0.3757032563349241,0.3584031828463212,-83.39710922006765
263,-0.23770563709562187,-1.1623421641340796,-9.391048065334651,0.7842702212461434,0.646172320378593,0.47173770907960355,8.608774274499751
264,-0.23770563709562187,-1.1623421641340796,-9.391048065334651,0.7842702212461434,-0.3757032563349241,0.3584031828463212,-83.39710922006765
265,-0.23770563709562187,-1.1623421641340796,-9.391048065334651,0.7842702212461434,0.646172320378593,0.47173770907960355,8.608774274499751
266,-0.23770563709562187,-1.1623421641340796,-9.391048065334651,0.7842702212461434,-0.3757032563349241,0.3584031828463212,-83.39710922006765
267,-0.23770563709562187,-1.1623421641340796,-9.391048065334651,0.7842702212461434,0.646172320378593,0.47173770907960355,8.608774274499751
268,-0.23770563709562187,-1.1623421641340796,-9.391048065334651,0.7842702212461434,-0.3757032563349241,0.3584031828463212,-83.39710922006765
269,-0.23770563709562187,-1.1623421641340796,-9.391048065334651,0.7842702212461434,0.646172320378593,0.47173770907960355,8.608774274499751
270,-0.23770563709562187,-1.1623421641340796,-9.391048065334651,0.7842702212461434,-0.3757032563349241,0.3584031828463212,-83.39710922006765
271,-0.23770563709562187,-1.1623421641340796,-9.391048065334651,0.7842702212461434,0.646172320378593,0.47173770907960355,8.608774274499751
272,-0.23770563709562187,-1.1623421641340796,-9.391048065334651,0.7842702212461434,-0.3757032563349241,0.3584031828463212,-83.39710922006765
273,-0.23770563709562187,-1.1623421641340796,-9.391048065334651,0.7842702212461434,0.646172320378593,0.47173770907960355,8.608774274499751
274,-0.23770563709562187,-1.1623421641340796,-9.391048065334651,0.7842702212461434,-0.3757032563349241,0.3584031828463212,-83.39710922006765
275,-1.4931237453143036,-0.4762791724348787,-0.1604820588621525,-1.8378664038856463,0.646172320378593,0.47173770907960355,-99.16147428000735
276,-1.4931237453143036,-0.4762791724348787,-0.1604820588621525,-1.8378664038856463,-0.3757032563349241,0.3584031828463212,-72.11235828819117
277,-1.4931237453143036,-0.4762791724348787,-0.1604820588621525,-1.8378664038856463,0.646172320378593,0.47173770907960355,-99.16147428000735
278,-1.4931237453143036,-0.4762791724348787,-0.1604820588621525,-1.8378664038856463,-0.3757032563349241,0.3584031828463212,-72.11235828819117
279,-1.4931237453143036,-0.4762791724348787,-0.1604820588621525,-1.8378664038856463,0.646172320378593,0.47173770907960355,-99.16147428000735
280,-1.4931237453143036,-0.4762791724348787,-0.1604820588621525,-1.8378664038856463,-0.12291278053577193,0.3584031828463212,-86.19784434559102
281,-1.4931237453143036,-0.4762791724348787,-0.1604820588621525,-1.8378664038856463,1.526923768415915,0.47173770907960355,-46.95243379024878
282,-1.4931237453143036,-0.4762791724348787,-0.1604820588621525,-1.8378664038856463,-0.12291278053577193,0.3584031828463212,-86.19784434559102
283,-1.4931237453143036,-0.4762791724348787,-0.1604820588621525,-1.8378664038856463,1.526923768415915,0.47173770907960355,-46.95243379024878
284,-1.4931237453143036,-0.4762791724348787,-0.1604820588621525,-1.8378664038856463,-0.12291278053577193,0.3584031828463212,-86.19784434559102
285,-1.4931237453143036,-0.4762791724348787,-0.1604820588621525,-1.8378664038856463,1.526923768415915,0.47173770907960355,-46.95243379024878
286,-1.4931237453143036,-0.4762791724348787,-0.1604820588621525,-1.8378664038856463,-0.12291278053577193,0.3584031828463212,-86.19784434559102
287,-1.4931237453143036,-0.4762791724348787,-0.1604820588621525,-1.8378664038856463,1.526923768415915,0.47173770907960355,-46.95243379024878
288,-1.4931237453143036,-0.4762791724348787,-0.1604820588621525,-1.8378664038856463,-0.12291278053577193,0.3584031828463212,-86.19784434559102
289,-1.4931237453143036,-0.4762791724348787,-0.1604820588621525,-1.8378664038856463,1.526923768415915,0.47173770907960355,-46.95243379024878
290,-1.4931237453143036,-0.4762791724348787,-0.1604820588621525,-1.8378664038856463,-0.12291278053577193,0.3584031828463212,-86.19784434559102
291,-1.4931237453143036,-0.4762791724348787,-0.1604820588621525,-1.8378664038856463,1.526923768415915,0.47173770907960355,-46.95243379024878
292,-1.4931237453143036,-0.4762791724348787,-0.1604820588621525,-1.8378664038856463,-0.12291278053577193,0.3584031828463212,-86.19784434559102
293,-1.4931237453143036,-0.4762791724348787,-0.1604820588621525,-1.8378664038856463,1.526923768415915,0.47173770907960355,-46.95243379024878
294,-1.4931237453143036,-0.4762791724348787,-0.1604820588621525,-1.8378664038856463,-0.12291278053577193,0.3584031828463212,-86.19784434559102
295,-1.4931237453143036,-0.4762791724348787,-0.1604820588621525,-1.8378664038856463,1.526923768415915,0.47173770907960355,-46.95243379024878
296,-1.4931237453143036,-0.4762791724348787,-0.1604820588621525,-1.8378664038856463,-0.12291278053577193,0.3584031828463212,-86.19784434559102
297,-1.4931237453143036,-0.4762791724348787,-0.1604820588621525,-1.8378664038856463,1.526923768415915,0.47173770907960355,-46.95243379024878
298,-1.4931237453143036,-0.4762791724348787,-0.1604820588621525,-1.8378664038856463,-0.12291278053577193,0.3584031828463212,-86.19784434559102
299,-1.4931237453143036,-0.4762791724348787,-0.1604820588621525,-1.8378664038856463,1.526923768415915,0.47173770907960355,-46.95243379024878
300,-1.5595952887787032,-1.659468922676149,-2.6337341794152387,1.766121437388732,-0.12291278053577193,-0.558,139.35916745435952
301,-1.5595952887787032,-1.659468922676149,-2.6337341794152387,1.766121437388732,1.526923768415915,1.442,2655749.932240078
302,-1.5595952887787032,-1.659468922676149,-2.6337341794152387,1.766121437388732,-0.12291278053577193,-0.558,139.35916745435952
303,-1.5595952887787032,-1.659468922676149,-2.6337341794152387,1.766121437388732,1.526923768415915,1.442,2655749.932240078
304,-1.5595952887787032,-1.659468922676149,-2.6337341794152387,1.766121437388732,-0.12291278053577193,-0.558,139.35916745435952
305,-1.5595952887787032,-1.659468922676149,-2.6337341794152387,1.766121437388732,1.526923768415915,1.442,2655749.932240078
306,-1.5595952887787032,-1.659468922676149,-2.6337341794152387,1.766121437388732,-0.12291278053577193,-0.558,139.35916745435952
307,-1.5595952887787032,-1.659468922676149,-2.6337341794152387,1.766121437388732,1.526923768415915,1.442,2655749.932240078
308,-1.5595952887787032,-1.659468922676149,-2.6337341794152387,1.766121437388732,-0.12291278053577193,-0.558,139.35916745435952
309,-1.5595952887787032,-1.659468922676149,-2.6337341794152387,1.766121437388732,1.526923768415915,1.442,2655749.932240078
310,-1.5595952887787032,-1.659468922676149,-2.6337341794152387,1.766121437388732,-0.12291278053577193,-0.558,139.35916745435952
311,-1.5595952887787032,-1.659468922676149,-2.6337341794152387,1.766121437388732,1.526923768415915,1.442,2655749.932240078
312,-1.5595952887787032,-1.659468922676149,-2.6337341794152387,1.766121437388732,-0.12291278053577193,-0.558,139.35916745435952
313,-1.5595952887787032,-1.659468922676149,-2.6337341794152387,1.766121437388732,1.526923768415915,1.442,2655749.932240078
314,-1.5595952887787032,-1.659468922676149,-2.6337341794152387,1.766121437388732,-0.12291278053577193,-0.558,139.35916745435952
315,-1.5595952887787032,-1.659468922676149,-2.6337341794152387,1.766121437388732,1.526923768415915,1.442,2655749.932240078
316,-1.5595952887787032,-1.659468922676149,-2.6337341794152387,1.766121437388732,-0.12291278053577193,-0.558,139.35916745435952
317,-1.5595952887787032,-1.659468922676149,-2.6337341794152387,1.766121437388732,1.526923768415915,1.442,2655749.932240078
318,-1.5595952887787032,-1.659468922676149,-2.6337341794152387,1.766121437388732,-0.12291278053577193,-0.558,139.35916745435952
319,-1.5595952887787032,-1.659468922676149,-2.6337341794152387,1.766121437388732,1.526923768415915,1.442,2655749.932240078
320,-1.5595952887787032,-1.659468922676149,-2.6337341794152387,1.766121437388732,-0.16445043624728406,-0.558,127.83935095978944
321,-1.5595952887787032,-1.659468922676149,-2.6337341794152387,1.766121437388732,0.16183328692631826,1.442,219.48527325531563
322,-1.5595952887787032,-1.659468922676149,-2.6337341794152387,1.766121437388732,-0.16445043624728406,-0.558,127.83935095978944
323,-1.5595952887787032,-1.659468922676149,-2.6337341794152387,1.766121437388732,0.16183328692631826,1.442,219.48527325531563
324,-1.5595952887787032,-1.659468922676149,-2.6337341794152387,1.766121437388732,-0.16445043624728406,-0.558,127.83935095978944
325,-1.3766467257480157,-0.967267525258072,-6.400124675366291,1.1560846617100475,0.16183328692631826,1.442,104.81672793275659
326,-1.3766467257480157,-0.967267525258072,-6.400124675366291,1.1560846617100475,-0.16445043624728406,-0.558,82.82853651936053
327,-1.3766467257480157,-0.967267525258072,-6.400124675366291,1.1560846617100475,0.16183328692631826,1.442,104.81672793275659
328,-1.3766467257480157,-0.967267525258072,-6.400124675366291,1.1560846617100475,-0.16445043624728406,-0.558,82.82853651936053
329,-1.3766467257480157,-0.967267525258072,-6.400124675366291,1.1560846617100475,0.16183328692631826,1.442,104.81672793275659
330,-1.3766467257480157,-0.967267525258072,-6.400124675366291,1.1560846617100475,-0.16445043624728406,-0.558,82.82853651936053
331,-1.3766467257480157,-0.967267525258072,-6.400124675366291,1.1560846617100475,0.16183328692631826,1.442,104.81672793275659
332,-1.3766467257480157,-0.967267525258072,-6.400124675366291,1.1560846617100475,-0.16445043624728406,-0.558,82.82853651936053
333,-1.3766467257480157,-0.967267525258072,-6.400124675366291,1.1560846617100475,0.16183328692631826,1.442,104.81672793275659
334,-1.3766467257480157,-0.967267525258072,-6.400124675366291,1.1560846617100475,-0.16445043624728406,-0.558,82.82853651936053
335,-1.3766467257480157,-0.967267525258072,-6.400124675366291,1.1560846617100475,0.16183328692631826,1.442,104.81672793275659
336,-1.3766467257480157,-0.967267525258072,-6.400124675366291,1.1560846617100475,-0.16445043624728406,-0.558,82.82853651936053
337,-1.3766467257480157,-0.967267525258072,-6.400124675366291,1.1560846617100475,0.16183328692631826,1.442,104.81672793275659
338,-1.3766467257480157,-0.967267525258072,-6.400124675366291,1.1560846617100475,-0.16445043624728406,-0.558,82.82853651936053
339,-1.3766467257480157,-0.967267525258072,-6.400124675366291,1.1560846617100475,0.16183328692631826,1.442,104.81672793275659
340,-1.3766467257480157,-0.967267525258072,-6.400124675366291,1.1560846617100475,-0.16445043624728406,-0.05,8.075867265590986
341,-1.3766467257480157,-0.967267525258072,-6.400124675366291,1.1560846617100475,0.16183328692631826,0.467,-44.936188624171635
342,-1.3766467257480157,-0.967267525258072,-6.400124675366291,1.1560846617100475,-0.16445043624728406,-0.05,8.075867265590986
343,-1.3766467257480157,-0.967267525258072,-6.400124675366291,1.1560846617100475,0.16183328692631826,0.467,-44.936188624171635
344,-1.3766467257480157,-0.967267525258072,-6.400124675366291,1.1560846617100475,-0.16445043624728406,-0.05,8.075867265590986
345,-1.3766467257480157,-0.967267525258072,-6.400124675366291,1.1560846617100475,0.16183328692631826,0.467,-44.936188624171635
346,-1.3766467257480157,-0.967267525258072,-6.400124675366291,1.1560846617100475,-0.16445043624728406,-0.05,8.075867265590986
347,-1.3766467257480157,-0.967267525258072,-6.400124675366291,1.1560846617100475,0.16183328692631826,0.467,-44.936188624171635
348,-1.3766467257480157,-0.967267525258072,-6.400124675366291,1.1560846617100475,-0.16445043624728406,-0.05,8.075867265590986
349,-1.3766467257480157,-0.967267525258072,-6.400124675366291,1.1560846617100475,0.16183328692631826,0.467,-44.936188624171635
350,-0.8723208529548105,-1.307460471290485,-0.5036689972296813,-1.4358869051380188,-0.16445043624728406,-0.05,-57.42139785427525
351,-0.8723208529548105,-1.307460471290485,-0.5036689972296813,-1.4358869051380188,0.16183328692631826,0.467,-106.00897109213186
352,-0.8723208529548105,-1.307460471290485,-0.5036689972296813,-1.4358869051380188,-0.16445043624728406,-0.05,-57.42139785427525
353,-0.8723208529548105,-1.307460471290485,-0.5036689972296813,-1.4358869051380188,0.16183328692631826,0.467,-106.00897109213186
354,-0.8723208529548105,-1.307460471290485,-0.5036689972296813,-1.4358869051380188,-0.16445043624728406,-0.05,-57.42139785427525
355,-0.8723208529548105,-1.307460471290485,-0.5036689972296813,-1.4358869051380188,0.16183328692631826,0.467,-106.00897109213186
356,-0.8723208529548105,-1.307460471290485,-0.5036689972296813,-1.4358869051380188,-0.16445043624728406,-0.05,-57.42139785427525
357,-0.8723208529548105,-1.307460471290485,-0.5036689972296813,-1.4358869051380188,0.16183328692631826,0.467,-106.00897109213186
358,-0.8723208529548105,-1.307460471290485,-0.5036689972296813,-1.4358869051380188,-0.16445043624728406,-0.05,-57.42139785427525
359,-0.8723208529548105,-1.307460471290485,-0.5036689972296813,-1.4358869051380188,0.16183328692631826,0.467,-106.00897109213186
360,-0.8723208529548105,-1.307460471290485,-0.5036689972296813,-1.4358869051380188,-1.0373976341497808,-0.05,26.520733225769284
361,-0.8723208529548105,-1.307460471290485,-0.5036689972296813,-1.4358869051380188,0.7824064396405315,0.467,-65.99576145511757
362,-0.8723208529548105,-1.307460471290485,-0.5036689972296813,-1.4358869051380188,-1.0373976341497808,-0.05,26.520733225769284
363,-0.8723208529548105,-1.307460471290485,-0.5036689972296813,-1.4358869051380188,0.7824064396405315,0.467,-65.99576145511757
364,-0.8723208529548105,-1.307460471290485,-0.5036689972296813,-1.4358869051380188,-1.0373976341497808,-0.05,26.520733225769284
365,-0.8723208529548105,-1.307460471290485,-0.5036689972296813,-1.4358869051380188,0.7824064396405315,0.467,-65.99576145511757
366,-0.8723208529548105,-1.307460471290485,-0.5036689972296813,-1.4358869051380188,-1.0373976341497808,-0.05,26.520733225769284
367,-0.8723208529548105,-1.307460471290485,-0.5036689972296813,-1.4358869051380188,0.7824064396405315,0.467,-65.99576145511757
368,-0.8723208529548105,-1.307460471290485,-0.5036689972296813,-1.4358869051380188,-1.0373976341497808,-0.05,26.520733225769284
369,-0.8723208529548105,-1.307460471290485,-0.5036689972296813,-1.4358869051380188,0.7824064396405315,0.467,-65.99576145511757
370,-0.8723208529548105,-1.307460471290485,-0.5036689972296813,-1.4358869051380188,-1.0373976341497808,-0.05,26.520733225769284
371,-0.8723208529548105,-1.307460471290485,-0.5036689972296813,-1.4358869051380188,0.7824064396405315,0.467,-65.99576145511757
372,-0.8723208529548105,-1.307460471290485,-0.5036689972296813,-1.4358869051380188,-1.0373976341497808,-0.05,26.520733225769284
373,-0.8723208529548105,-1.307460471290485,-0.5036689972296813,-1.4358869051380188,0.7824064396405315,0.467,-65.99576145511757
374,-0.8723208529548105,-1.307460471290485,-0.5036689972296813,-1.4358869051380188,-1.0373976341497808,-0.05,26.520733225769284
375,-1.2782042672060705,-1.2540069463724468,-2.3083525042330786,-1.118505247135641,0.7824064396405315,0.467,-66.87292714067188
376,-1.2782042672060705,-1.2540069463724468,-2.3083525042330786,-1.118505247135641,-1.0373976341497808,-0.05,30.810136838866015
377,-1.2782042672060705,-1.2540069463724468,-2.3083525042330786,-1.118505247135641,0.7824064396405315,0.467,-66.87292714067188
378,-1.2782042672060705,-1.2540069463724468,-2.3083525042330786,-1.118505247135641,-1.0373976341497808,-0.05,30.810136838866015
379,-1.2782042672060705,-1.2540069463724468,-2.3083525042330786,-1.118505247135641,0.7824064396405315,0.467,-66.87292714067188
380,-1.2782042672060705,-1.2540069463724468,-2.3083525042330786,-1.118505247135641,-1.0373976341497808,0.623,-110.6446594505529
381,-1.2782042672060705,-1.2540069463724468,-2.3083525042330786,-1.118505247135641,0.7824064396405315,0.028,-191.49202870263258
382,-1.2782042672060705,-1.2540069463724468,-2.3083525042330786,-1.118505247135641,-1.0373976341497808,0.623,-110.6446594505529
383,-1.2782042672060705,-1.2540069463724468,-2.3083525042330786,-1.118505247135641,0.7824064396405315,0.028,-191.49202870263258
384,-1.2782042672060705,-1.2540069463724468,-2.3083525042330786,-1.118505247135641,-1.0373976341497808,0.623,-110.6446594505529
385,-1.2782042672060705,-1.2540069463724468,-2.3083525042330786,-1.118505247135641,0.7824064396405315,0.028,-191.49202870263258
386,-1.2782042672060705,-1.2540069463724468,-2.3083525042330786,-1.118505247135641,-1.0373976341497808,0.623,-110.6446594505529
387,-1.2782042672060705,-1.2540069463724468,-2.3083525042330786,-1.118505247135641,0.7824064396405315,0.028,-191.49202870263258
388,-1.2782042672060705,-1.2540069463724468,-2.3083525042330786,-1.118505247135641,-1.0373976341497808,0.623,-110.6446594505529
389,-1.2782042672060705,-1.2540069463724468,-2.3083525042330786,-1.118505247135641,0.7824064396405315,0.028,-191.49202870263258
390,-1.2782042672060705,-1.2540069463724468,-2.3083525042330786,-1.118505247135641,-1.0373976341497808,0.623,-110.6446594505529
391,-1.2782042672060705,-1.2540069463724468,-2.3083525042330786,-1.118505247135641,0.7824064396405315,0.028,-191.49202870263258
392,-1.2782042672060705,-1.2540069463724468,-2.3083525042330786,-1.118505247135641,-1.0373976341497808,0.623,-110.6446594505529
393,-1.2782042672060705,-1.2540069463724468,-2.3083525042330786,-1.118505247135641,0.7824064396405315,0.028,-191.49202870263258
394,-1.2782042672060705,-1.2540069463724468,-2.3083525042330786,-1.118505247135641,-1.0373976341497808,0.623,-110.6446594505529
395,-1.2782042672060705,-1.2540069463724468,-2.3083525042330786,-1.118505247135641,0.7824064396405315,0.028,-191.49202870263258
396,-1.2782042672060705,-1.2540069463724468,-2.3083525042330786,-1.118505247135641,-1.0373976341497808,0.623,-110.6446594505529
397,-1.2782042672060705,-1.2540069463724468,-2.3083525042330786,-1.118505247135641,0.7824064396405315,0.028,-191.49202870263258
398,-1.2782042672060705,-1.2540069463724468,-2.3083525042330786,-1.118505247135641,-1.0373976341497808,0.623,-110.6446594505529
399,-1.2782042672060705,-1.2540069463724468,-2.3083525042330786,-1.118505247135641,0.7824064396405315,0.028,-191.49202870263258
400,-1.8635883129488369,-1.5322905794550994,-4.860301665956621,-1.2029333046702648,0.09003159753146406,0.623,-82.68014766881178
401,-1.8635883129488369,-1.5322905794550994,-4.860301665956621,-1.2029333046702648,0.027176135583983574,0.028,-40.29212478214187
402,-1.8635883129488369,-1.5322905794550994,-4.860301665956621,-1.2029333046702648,0.09003159753146406,0.623,-82.68014766881178
403,-1.8635883129488369,-1.5322905794550994,-4.860301665956621,-1.2029333046702648,0.027176135583983574,0.028,-40.29212478214187
404,-1.8635883129488369,-1.5322905794550994,-4.860301665956621,-1.2029333046702648,0.09003159753146406,0.623,-82.68014766881178
405,-1.8635883129488369,-1.5322905794550994,-4.860301665956621,-1.2029333046702648,0.027176135583983574,0.028,-40.29212478214187
406,-1.8635883129488369,-1.5322905794550994,-4.860301665956621,-1.2029333046702648,0.09003159753146406,0.623,-82.68014766881178
407,-1.8635883129488369,-1.5322905794550994,-4.860301665956621,-1.2029333046702648,0.027176135583983574,0.028,-40.29212478214187
408,-1.8635883129488369,-1.5322905794550994,-4.860301665956621,-1.2029333046702648,0.09003159753146406,0.623,-82.68014766881178
409,-1.8635883129488369,-1.5322905794550994,-4.860301665956621,-1.2029333046702648,0.027176135583983574,0.028,-40.29212478214187
410,-1.8635883129488369,-1.5322905794550994,-4.860301665956621,-1.2029333046702648,0.09003159753146406,0.623,-82.68014766881178
411,-1.8635883129488369,-1.5322905794550994,-4.860301665956621,-1.2029333046702648,0.027176135583983574,0.028,-40.29212478214187
412,-1.8635883129488369,-1.5322905794550994,-4.860301665956621,-1.2029333046702648,0.09003159753146406,0.623,-82.68014766881178
413,-1.8635883129488369,-1.5322905794550994,-4.860301665956621,-1.2029333046702648,0.027176135583983574,0.028,-40.29212478214187
414,-1.8635883129488369,-1.5322905794550994,-4.860301665956621,-1.2029333046702648,0.09003159753146406,0.623,-82.68014766881178
415,-1.8635883129488369,-1.5322905794550994,-4.860301665956621,-1.2029333046702648,0.027176135583983574,0.028,-40.29212478214187
416,-1.8635883129488369,-1.5322905794550994,-4.860301665956621,-1.2029333046702648,0.09003159753146406,0.623,-82.68014766881178
417,-1.8635883129488369,-1.5322905794550994,-4.860301665956621,-1.2029333046702648,0.027176135583983574,0.028,-40.29212478214187
418,-1.8635883129488369,-1.5322905794550994,-4.860301665956621,-1.2029333046702648,0.09003159753146406,0.623,-82.68014766881178
419,-1.8635883129488369,-1.5322905794550994,-4.860301665956621,-1.2029333046702648,0.027176135583983574,0.028,-40.29212478214187
420,-1.8635883129488369,-1.5322905794550994,-4.860301665956621,-1.2029333046702648,0.09003159753146406,-0.82,11.050660862425381
421,-1.8635883129488369,-1.5322905794550994,-4.860301665956621,-1.2029333046702648,0.027176135583983574,0.62,-83.53612097861416
422,-1.8635883129488369,-1.5322905794550994,-4.860301665956621,-1.2029333046702648,0.09003159753146406,-0.82,11.050660862425381
423,-1.8635883129488369,-1.5322905794550994,-4.860301665956621,-1.2029333046702648,0.027176135583983574,0.62,-83.53612097861416
424,-1.8635883129488369,-1.5322905794550994,-4.860301665956621,-1.2029333046702648,0.09003159753146406,-0.82,11.050660862425381
425,-0.7377219803653268,-0.005466390072657035,-9.562911287312593,-0.3809175539418068,0.027176135583983574,0.62,-79.93407695048923
426,-0.7377219803653268,-0.005466390072657035,-9.562911287312593,-0.3809175539418068,0.09003159753146406,-0.82,29.352739619321635
427,-0.7377219803653268,-0.005466390072657035,-9.562911287312593,-0.3809175539418068,0.027176135583983574,0.62,-79.93407695048923
428,-0.7377219803653268,-0.005466390072657035,-9.562911287312593,-0.3809175539418068,0.09003159753146406,-0.82,29.352739619321635
429,-0.7377219803653268,-0.005466390072657035,-9.562911287312593,-0.3809175539418068,0.027176135583983574,0.62,-79.93407695048923
430,-0.7377219803653268,-0.005466390072657035,-9.562911287312593,-0.3809175539418068,0.09003159753146406,-0.82,29.352739619321635
431,-0.7377219803653268,-0.005466390072657035,-9.562911287312593,-0.3809175539418068,0.027176135583983574,0.62,-79.93407695048923
432,-0.7377219803653268,-0.005466390072657035,-9.562911287312593,-0.3809175539418068,0.09003159753146406,-0.82,29.352739619321635
433,-0.7377219803653268,-0.005466390072657035,-9.562911287312593,-0.3809175539418068,0.027176135583983574,0.62,-79.93407695048923
434,-0.7377219803653268,-0.005466390072657035,-9.562911287312593,-0.3809175539418068,0.09003159753146406,-0.82,29.352739619321635
435,-0.7377219803653268,-0.005466390072657035,-9.562911287312593,-0.3809175539418068,0.027176135583983574,0.62,-79.93407695048923
436,-0.7377219803653268,-0.005466390072657035,-9.562911287312593,-0.3809175539418068,0.09003159753146406,-0.82,29.352739619321635
437,-0.7377219803653268,-0.005466390072657035,-9.562911287312593,-0.3809175539418068,0.027176135583983574,0.62,-79.93407695048923
438,-0.7377219803653268,-0.005466390072657035,-9.562911287312593,-0.3809175539418068,0.09003159753146406,-0.82,29.352739619321635
439,-0.7377219803653268,-0.005466390072657035,-9.562911287312593,-0.3809175539418068,0.027176135583983574,0.62,-79.93407695048923
440,-0.7377219803653268,-0.005466390072657035,-9.562911287312593,-0.3809175539418068,-0.9984675933618221,-0.82,152.16613746568163
441,-0.7377219803653268,-0.005466390072657035,-9.562911287312593,-0.3809175539418068,0.5017201813399701,0.62,-85.04332113644735
442,-0.7377219803653268,-0.005466390072657035,-9.562911287312593,-0.3809175539418068,-0.9984675933618221,-0.82,152.16613746568163
443,-0.7377219803653268,-0.005466390072657035,-9.562911287312593,-0.3809175539418068,0.5017201813399701,0.62,-85.04332113644735
444,-0.7377219803653268,-0.005466390072657035,-9.562911287312593,-0.3809175539418068,-0.9984675933618221,-0.82,152.16613746568163
445,-0.7377219803653268,-0.005466390072657035,-9.562911287312593,-0.3809175539418068,0.5017201813399701,0.62,-85.04332113644735
446,-0.7377219803653268,-0.005466390072657035,-9.562911287312593,-0.3809175539418068,-0.9984675933618221,-0.82,152.16613746568163
447,-0.7377219803653268,-0.005466390072657035,-9.562911287312593,-0.3809175539418068,0.5017201813399701,0.62,-85.04332113644735
448,-0.7377219803653268,-0.005466390072657035,-9.562911287312593,-0.3809175539418068,-0.9984675933618221,-0.82,152.16613746568163
449,-0.7377219803653268,-0.005466390072657035,-9.562911287312593,-0.3809175539418068,0.5017201813399701,0.62,-85.04332113644735
450,-0.3602545025133488,-0.7790930954742445,-7.302859846567543,1.8856218194609982,-0.9984675933618221,-0.82,152.12256219125928
451,-0.3602545025133488,-0.7790930954742445,-7.302859846567543,1.8856218194609982,0.5017201813399701,0.62,753.0073608093036
452,-0.3602545025133488,-0.7790930954742445,-7.302859846567543,1.8856218194609982,-0.9984675933618221,-0.82,152.12256219125928
453,-0.3602545025133488,-0.7790930954742445,-7.302859846567543,1.8856218194609982,0.5017201813399701,0.62,753.0073608093036
454,-0.3602545025133488,-0.7790930954742445,-7.302859846567543,1.8856218194609982,-0.9984675933618221,-0.82,152.12256219125928
455,-0.3602545025133488,-0.7790930954742445,-7.302859846567543,1.8856218194609982,0.5017201813399701,0.62,753.0073608093036
456,-0.3602545025133488,-0.7790930954742445,-7.302859846567543,1.8856218194609982,-0.9984675933618221,-0.82,152.12256219125928
457,-0.3602545025133488,-0.7790930954742445,-7.302859846567543,1.8856218194609982,0.5017201813399701,0.62,753.0073608093036
458,-0.3602545025133488,-0.7790930954742445,-7.302859846567543,1.8856218194609982,-0.9984675933618221,-0.82,152.12256219125928
459,-0.3602545025133488,-0.7790930954742445,-7.302859846567543,1.8856218194609982,0.5017201813399701,0.62,753.0073608093036
460,-0.3602545025133488,-0.7790930954742445,-7.302859846567543,1.8856218194609982,-0.9984675933618221,0.22,-28.023661249725155
461,-0.3602545025133488,-0.7790930954742445,-7.302859846567543,1.8856218194609982,0.5017201813399701,0.3,661.0862645442153
462,-0.3602545025133488,-0.7790930954742445,-7.302859846567543,1.8856218194609982,-0.9984675933618221,0.22,-28.023661249725155
463,-0.3602545025133488,-0.7790930954742445,-7.302859846567543,1.8856218194609982,0.5017201813399701,0.3,661.0862645442153
464,-0.3602545025133488,-0.7790930954742445,-7.302859846567543,1.8856218194609982,-0.9984675933618221,0.22,-28.023661249725155
465,-0.3602545025133488,-0.7790930954742445,-7.302859846567543,1.8856218194609982,0.5017201813399701,0.3,661.0862645442153
466,-0.3602545025133488,-0.7790930954742445,-7.302859846567543,1.8856218194609982,-0.9984675933618221,0.22,-28.023661249725155
467,-0.3602545025133488,-0.7790930954742445,-7.302859846567543,1.8856218194609982,0.5017201813399701,0.3,661.0862645442153
468,-0.3602545025133488,-0.7790930954742445,-7.302859846567543,1.8856218194609982,-0.9984675933618221,0.22,-28.023661249725155
469,-0.3602545025133488,-0.7790930954742445,-7.302859846567543,1.8856218194609982,0.5017201813399701,0.3,661.0862645442153
470,-0.3602545025133488,-0.7790930954742445,-7.302859846567543,1.8856218194609982,-0.9984675933618221,0.22,-28.023661249725155
471,-0.3602545025133488,-0.7790930954742445,-7.302859846567543,1.8856218194609982,0.5017201813399701,0.3,661.0862645442153
472,-0.3602545025133488,-0.7790930954742445,-7.302859846567543,1.8856218194609982,-0.9984675933618221,0.22,-28.023661249725155
473,-0.3602545025133488,-0.7790930954742445,-7.302859846567543,1.8856218194609982,0.5017201813399701,0.3,661.0862645442153
474,-0.3602545025133488,-0.7790930954742445,-7.302859846567543,1.8856218194609982,-0.9984675933618221,0.22,-28.023661249725155
475,-0.17949658727905904,-0.5623149984411282,-3.7551573003927574,-0.11130857793091264,0.5017201813399701,0.3,-127.20213762020217
476,-0.17949658727905904,-0.5623149984411282,-3.7551573003927574,-0.11130857793091264,-0.9984675933618221,0.22,-65.07351538714829
477,-0.17949658727905904,-0.5623149984411282,-3.7551573003927574,-0.11130857793091264,0.5017201813399701,0.3,-127.20213762020217
478,-0.17949658727905904,-0.5623149984411282,-3.7551573003927574,-0.11130857793091264,-0.9984675933618221,0.22,-65.07351538714829
479,-0.17949658727905904,-0.5623149984411282,-3.7551573003927574,-0.11130857793091264,0.5017201813399701,0.3,-127.20213762020217
480,-0.17949658727905904,-0.5623149984411282,-3.7551573003927574,-0.11130857793091264,-1.4853578208745846,0.22,-137.304897683332
481,-0.17949658727905904,-0.5623149984411282,-3.7551573003927574,-0.11130857793091264,0.8858987435270103,0.3,-117.79486584999052
482,-0.17949658727905904,-0.5623149984411282,-3.7551573003927574,-0.11130857793091264,-1.4853578208745846,0.22,-137.304897683332
483,-0.17949658727905904,-0.5623149984411282,-3.7551573003927574,-0.11130857793091264,0.8858987435270103,0.3,-117.79486584999052
484,-0.17949658727905904,-0.5623149984411282,-3.7551573003927574,-0.11130857793091264,-1.4853578208745846,0.22,-137.304897683332
485,-0.17949658727905904,-0.5623149984411282,-3.7551573003927574,-0.11130857793091264,0.8858987435270103,0.3,-117.79486584999052
486,-0.17949658727905904,-0.5623149984411282,-3.7551573003927574,-0.11130857793091264,-1.4853578208745846,0.22,-137.304897683332
487,-0.17949658727905904,-0.5623149984411282,-3.7551573003927574,-0.11130857793091264,0.8858987435270103,0.3,-117.79486584999052
488,-0.17949658727905904,-0.5623149984411282,-3.7551573003927574,-0.11130857793091264,-1.4853578208745846,0.22,-137.304897683332
489,-0.17949658727905904,-0.5623149984411282,-3.7551573003927574,-0.11130857793091264,0.8858987435270103,0.3,-117.79486584999052
490,-0.17949658727905904,-0.5623149984411282,-3.7551573003927574,-0.11130857793091264,-1.4853578208745846,0.22,-137.304897683332
491,-0.17949658727905904,-0.5623149984411282,-3.7551573003927574,-0.11130857793091264,0.8858987435270103,0.3,-117.79486584999052
492,-0.17949658727905904,-0.5623149984411282,-3.7551573003927574,-0.11130857793091264,-1.4853578208745846,0.22,-137.304897683332
493,-0.17949658727905904,-0.5623149984411282,-3.7551573003927574,-0.11130857793091264,0.8858987435270103,0.3,-117.79486584999052
494,-0.17949658727905904,-0.5623149984411282,-3.7551573003927574,-0.11130857793091264,-1.4853578208745846,0.22,-137.304897683332
495,-0.17949658727905904,-0.5623149984411282,-3.7551573003927574,-0.11130857793091264,0.8858987435270103,0.3,-117.79486584999052
496,-0.17949658727905904,-0.5623149984411282,-3.7551573003927574,-0.11130857793091264,-1.4853578208745846,0.22,-137.304897683332
497,-0.17949658727905904,-0.5623149984411282,-3.7551573003927574,-0.11130857793091264,0.8858987435270103,0.3,-117.79486584999052
498,-0.17949658727905904,-0.5623149984411282,-3.7551573003927574,-0.11130857793091264,-1.4853578208745846,0.22,-137.304897683332
499,-0.17949658727905904,-0.5623149984411282,-3.7551573003927574,-0.11130857793091264,0.8858987435270103,0.3,-117.79486584999052
