,Run Number,BO Iter,Best Error,Exploration Bias,Max EI,Theta Max EI,Min Obj,Min Obj Act,Theta Min Obj,Min Obj Cum.,Theta Min Obj Cum.,Time/Iter,Sep Fact,BO Method,Max Evals,Total Run Time
0,0,0,5.342818885287204,1.0,0.0,[1.44992707 0.34391825],0.8366326270306104,0.08118908729728615,[ 1.06510009 -0.96621484],0.08118908729728615,[ 1.06510009 -0.96621484],0.3838188648223877,1.0,A1,2,0.7676377296447754
1,0,1,5.342818885287204,0.6666666666666666,0.0,[-0.26063897 -0.29069958],0.8408231029571596,0.08127442272054294,[ 1.06515032 -0.96620617],0.08118908729728615,[ 1.06510009 -0.96621484],0.16063737869262695,1.0,A1,2,0.3212747573852539
2,1,0,5.342818885287204,1.0,0.0,[ 0.37116808 -1.78972989],0.8366326270309514,0.08118946124889896,[ 1.0651003  -0.96621479],0.08118946124889896,[ 1.0651003  -0.96621479],0.18969392776489258,1.0,A1,2,0.37938785552978516
3,1,1,5.342818885287204,0.6666666666666666,0.0,[-1.89703819 -1.59614744],0.8355970810231668,0.08121688994725824,[ 1.06579765 -0.9666024 ],0.08118946124889896,[ 1.0651003  -0.96621479],0.16844820976257324,1.0,A1,2,0.3368964195251465
4,2,0,5.342818885287204,1.0,0.0,[0.59208142 0.69428215],0.8366326270308377,0.08118881543060485,[ 1.06509993 -0.96621486],0.08118881543060485,[ 1.06509993 -0.96621486],0.16179871559143066,1.0,A1,2,0.32359743118286133
5,2,1,5.342818885287204,0.6666666666666666,0.0,[-1.42680834  0.5193774 ],0.8235159804057943,0.08169161942120831,[ 1.06738777 -0.96733391],0.08118881543060485,[ 1.06509993 -0.96621486],0.14702081680297852,1.0,A1,2,0.29404163360595703
6,3,0,5.342818885287204,1.0,0.0,[-1.69186718 -1.81246992],0.8366326270309514,0.08118946124889896,[ 1.0651003  -0.96621479],0.08118946124889896,[ 1.0651003  -0.96621479],0.16280317306518555,1.0,A1,2,0.3256063461303711
7,3,1,5.342818885287204,0.6666666666666666,0.0,[ 0.37116808 -1.78972989],0.8372632306458172,0.08119045729248892,[ 1.06499508 -0.96615483],0.08118946124889896,[ 1.0651003  -0.96621479],0.13905858993530273,1.0,A1,2,0.27811717987060547
8,4,0,5.342818885287204,1.0,0.0,[-1.69186718 -1.81246992],0.8366326270309514,0.08118946124889896,[ 1.0651003  -0.96621479],0.08118946124889896,[ 1.0651003  -0.96621479],0.15941905975341797,1.0,A1,2,0.31883811950683594
9,4,1,5.342818885287204,0.6666666666666666,0.0,[ 0.37116808 -1.78972989],0.8372632306458172,0.08119045729248892,[ 1.06499508 -0.96615483],0.08118946124889896,[ 1.0651003  -0.96621479],0.13379383087158203,1.0,A1,2,0.26758766174316406
10,5,0,5.342818885287204,1.0,0.0,[-0.50321372 -0.02317312],0.8366326270309514,0.08118946124889896,[ 1.0651003  -0.96621479],0.08118946124889896,[ 1.0651003  -0.96621479],0.17655324935913086,1.0,A1,2,0.3531064987182617
11,5,1,5.342818885287204,0.6666666666666666,0.0,[-1.19233144  1.25504201],0.8657502734158982,0.07874873136103946,[ 1.0622883  -0.96572155],0.07874873136103946,[ 1.0622883  -0.96572155],0.149519681930542,1.0,A1,2,0.299039363861084
12,6,0,5.342818885287204,1.0,0.0,[ 0.37116808 -1.78972989],0.8366326270309514,0.08118946124889896,[ 1.0651003  -0.96621479],0.08118946124889896,[ 1.0651003  -0.96621479],0.16466450691223145,1.0,A1,2,0.3293290138244629
13,6,1,5.342818885287204,0.6666666666666666,0.0,[-1.89703819 -1.59614744],0.8355970810231668,0.08121688994725824,[ 1.06579765 -0.9666024 ],0.08118946124889896,[ 1.0651003  -0.96621479],0.1424388885498047,1.0,A1,2,0.2848777770996094
14,7,0,5.342818885287204,1.0,0.0,[-0.26063897 -0.29069958],0.8366326270309514,0.08118946124889896,[ 1.0651003  -0.96621479],0.08118946124889896,[ 1.0651003  -0.96621479],0.16054320335388184,1.0,A1,2,0.32108640670776367
15,7,1,5.342818885287204,0.6666666666666666,0.0,[-0.12469795  1.84466338],0.8047013072168454,0.08369815067109392,[ 1.06742186 -0.96646289],0.08118946124889896,[ 1.0651003  -0.96621479],0.13778996467590332,1.0,A1,2,0.27557992935180664
16,8,0,5.342818885287204,1.0,0.0,[-0.50321372 -0.02317312],0.8366326270309514,0.08118946124889896,[ 1.0651003  -0.96621479],0.08118946124889896,[ 1.0651003  -0.96621479],0.17279696464538574,1.0,A1,2,0.3455939292907715
17,8,1,5.342818885287204,0.6666666666666666,0.0,[-1.19233144  1.25504201],0.8657502734158982,0.07874873136103946,[ 1.0622883  -0.96572155],0.07874873136103946,[ 1.0622883  -0.96572155],0.14754271507263184,1.0,A1,2,0.29508543014526367
18,9,0,5.342818885287204,1.0,0.0,[1.44992707 0.34391825],0.8366326270306104,0.08118908729728615,[ 1.06510009 -0.96621484],0.08118908729728615,[ 1.06510009 -0.96621484],0.16039657592773438,1.0,A1,2,0.32079315185546875
19,9,1,5.342818885287204,0.6666666666666666,0.0,[-0.26063897 -0.29069958],0.8408231029571596,0.08127442272054294,[ 1.06515032 -0.96620617],0.08118908729728615,[ 1.06510009 -0.96621484],0.13505959510803223,1.0,A1,2,0.27011919021606445
20,10,0,5.342818885287204,1.0,0.0,[-0.50321372 -0.02317312],0.8366323838203016,0.08118935480212,[ 1.06510037 -0.96621488],0.08118935480212,[ 1.06510037 -0.96621488],0.26003003120422363,1.0,A1,2,0.5200600624084473
21,10,1,5.342818885287204,0.6666666666666666,0.0,[-1.19233144  1.25504201],0.8657502734158982,0.07874873136103946,[ 1.0622883  -0.96572155],0.07874873136103946,[ 1.0622883  -0.96572155],0.23217034339904785,1.0,A1,2,0.4643406867980957
22,11,0,5.342818885287204,1.0,0.0,[0.59208142 0.69428215],0.8366326270308377,0.08118881543060485,[ 1.06509993 -0.96621486],0.08118881543060485,[ 1.06509993 -0.96621486],0.22075319290161133,1.0,A1,2,0.44150638580322266
23,11,1,5.342818885287204,0.6666666666666666,0.0,[-1.42680834  0.5193774 ],0.8235158809103691,0.08169205899487507,[ 1.06738802 -0.96733386],0.08118881543060485,[ 1.06509993 -0.96621486],0.19063997268676758,1.0,A1,2,0.38127994537353516
24,12,0,5.342818885287204,1.0,0.0,[-1.69186718 -1.81246992],0.8366326270309514,0.08118946124889896,[ 1.0651003  -0.96621479],0.08118946124889896,[ 1.0651003  -0.96621479],0.19317340850830078,1.0,A1,2,0.38634681701660156
25,12,1,5.342818885287204,0.6666666666666666,0.0,[ 0.37116808 -1.78972989],0.8372632306458172,0.08119045729248892,[ 1.06499508 -0.96615483],0.08118946124889896,[ 1.0651003  -0.96621479],0.1721501350402832,1.0,A1,2,0.3443002700805664
26,13,0,5.342818885287204,1.0,0.0,[0.59208142 0.69428215],0.8366326270308377,0.08118881543060485,[ 1.06509993 -0.96621486],0.08118881543060485,[ 1.06509993 -0.96621486],0.16888880729675293,1.0,A1,2,0.33777761459350586
27,13,1,5.342818885287204,0.6666666666666666,0.0,[-1.42680834  0.5193774 ],0.8235159804057943,0.08169161942120831,[ 1.06738777 -0.96733391],0.08118881543060485,[ 1.06509993 -0.96621486],0.15599751472473145,1.0,A1,2,0.3119950294494629
28,14,0,5.342818885287204,1.0,0.0,[1.44992707 0.34391825],0.8366326270306104,0.08118908729728615,[ 1.06510009 -0.96621484],0.08118908729728615,[ 1.06510009 -0.96621484],0.18661284446716309,1.0,A1,2,0.37322568893432617
29,14,1,5.342818885287204,0.6666666666666666,0.0,[-0.26063897 -0.29069958],0.8408227363345233,0.08127404558617844,[ 1.06515014 -0.96620623],0.08118908729728615,[ 1.06510009 -0.96621484],0.16364479064941406,1.0,A1,2,0.3272895812988281
30,0,0,9.650632465771888,1.0,0.0,[-1.69186718 -1.81246992],-9.690849139847732,13.311610432455684,[ 2.         -1.31209022],13.311610432455684,[ 2.         -1.31209022],0.18131709098815918,0.7,A1,2,0.36263418197631836
31,0,1,9.650632465771888,1.5,0.0,[-1.69186718 -1.81246992],-9.689609008819373,13.309633484582445,[ 2.         -1.31199705],13.309633484582445,[ 2.         -1.31199705],0.06919980049133301,0.7,A1,2,0.13839960098266602
32,1,0,9.650632465771888,1.0,0.0,[-0.64069105 -1.25246267],-9.69084913984773,13.311610201882178,[ 2.         -1.31209021],13.311610201882178,[ 2.         -1.31209021],0.07478809356689453,0.7,A1,2,0.14957618713378906
33,1,1,9.650632465771888,1.5,0.0,[-1.89703819 -1.59614744],-9.70165393416102,13.306203773693827,[ 2.         -1.31183535],13.306203773693827,[ 2.         -1.31183535],0.05807352066040039,0.7,A1,2,0.11614704132080078
34,2,0,9.650632465771888,1.0,0.0,[ 1.69175463 -0.45537824],-9.690849139847732,13.311610432455684,[ 2.         -1.31209022],13.311610432455684,[ 2.         -1.31209022],0.07137346267700195,0.7,A1,2,0.1427469253540039
35,2,1,9.650632465771888,1.5,0.0,[-0.12469795  1.84466338],-9.690584353457957,13.316760482499639,[ 2.        -1.3123328],13.311610432455684,[ 2.         -1.31209022],0.056400299072265625,0.7,A1,2,0.11280059814453125
36,3,0,9.650632465771888,1.0,0.0,[1.9678696  1.60601492],-9.690849139847732,13.311610432455684,[ 2.         -1.31209022],13.311610432455684,[ 2.         -1.31209022],0.07856178283691406,0.7,A1,2,0.15712356567382812
37,3,1,9.650632465771888,1.5,0.0,[1.44992707 0.34391825],-9.68431328957844,13.286343080992415,[ 2.         -1.31089733],13.286343080992415,[ 2.         -1.31089733],0.06063199043273926,0.7,A1,2,0.12126398086547852
38,4,0,9.650632465771888,1.0,0.0,[1.9678696  1.60601492],-9.690849139847732,13.311610432455684,[ 2.         -1.31209022],13.311610432455684,[ 2.         -1.31209022],0.06975102424621582,0.7,A1,2,0.13950204849243164
39,4,1,9.650632465771888,1.5,0.0,[1.44992707 0.34391825],-9.68431328957844,13.286343080992415,[ 2.         -1.31089733],13.286343080992415,[ 2.         -1.31089733],0.05496788024902344,0.7,A1,2,0.10993576049804688
40,5,0,9.650632465771888,1.0,0.0,[ 0.37116808 -1.78972989],-9.690851000597437,13.31165146138823,[ 2.         -1.31209216],13.31165146138823,[ 2.         -1.31209216],0.08046579360961914,0.7,A1,2,0.16093158721923828
41,5,1,9.650632465771888,1.5,0.0,[-0.50321372 -0.02317312],-9.707268938400944,13.352747758959538,[ 2.         -1.31402266],13.31165146138823,[ 2.         -1.31209216],0.06643271446228027,0.7,A1,2,0.13286542892456055
42,6,0,9.650632465771888,1.0,0.0,[-0.64069105 -1.25246267],-9.69084913984773,13.311610201882178,[ 2.         -1.31209021],13.311610201882178,[ 2.         -1.31209021],0.07222437858581543,0.7,A1,2,0.14444875717163086
43,6,1,9.650632465771888,1.5,0.0,[-1.89703819 -1.59614744],-9.70165393416102,13.306203773693827,[ 2.         -1.31183535],13.306203773693827,[ 2.         -1.31183535],0.05755114555358887,0.7,A1,2,0.11510229110717773
44,7,0,9.650632465771888,1.0,0.0,[ 1.69175463 -0.45537824],-9.690849139847774,13.311609696472566,[ 2.         -1.31209019],13.311609696472566,[ 2.         -1.31209019],0.06958889961242676,0.7,A1,2,0.13917779922485352
45,7,1,9.650632465771888,1.5,0.0,[1.44992707 0.34391825],-9.69058435345778,13.316758441019156,[ 2.         -1.31233271],13.311609696472566,[ 2.         -1.31209019],0.05495953559875488,0.7,A1,2,0.10991907119750977
46,8,0,9.650632465771888,1.0,0.0,[ 0.37116808 -1.78972989],-9.690849139847776,13.311609557910636,[ 2.         -1.31209018],13.311609557910636,[ 2.         -1.31209018],0.07060790061950684,0.7,A1,2,0.14121580123901367
47,8,1,9.650632465771888,1.5,0.0,[-0.50321372 -0.02317312],-9.707267101824641,13.352706595220488,[ 2.         -1.31402073],13.311609557910636,[ 2.         -1.31209018],0.05647134780883789,0.7,A1,2,0.11294269561767578
48,9,0,9.650632465771888,1.0,0.0,[-1.69186718 -1.81246992],-9.690849139847732,13.311610432455684,[ 2.         -1.31209022],13.311610432455684,[ 2.         -1.31209022],0.07054948806762695,0.7,A1,2,0.1410989761352539
49,9,1,9.650632465771888,1.5,0.0,[-1.69186718 -1.81246992],-9.68960900881944,13.309634954829242,[ 2.         -1.31199712],13.309634954829242,[ 2.         -1.31199712],0.05610036849975586,0.7,A1,2,0.11220073699951172
50,10,0,9.650632465771888,1.0,0.0,[ 0.37116808 -1.78972989],-9.690849139847776,13.311609557910636,[ 2.         -1.31209018],13.311609557910636,[ 2.         -1.31209018],0.07015848159790039,0.7,A1,2,0.14031696319580078
51,10,1,9.650632465771888,1.5,0.0,[-0.50321372 -0.02317312],-9.707267101824641,13.352706595220488,[ 2.         -1.31402073],13.311609557910636,[ 2.         -1.31209018],0.05560588836669922,0.7,A1,2,0.11121177673339844
52,11,0,9.650632465771888,1.0,0.0,[ 1.69175463 -0.45537824],-9.690850296708856,13.311652038127383,[ 2.         -1.31209218],13.311652038127383,[ 2.         -1.31209218],0.09033513069152832,0.7,A1,2,0.18067026138305664
53,11,1,9.650632465771888,1.5,0.0,[-0.12469795  1.84466338],-9.690586075336917,13.31680205338588,[ 2.         -1.31233476],13.311652038127383,[ 2.         -1.31209218],0.07690715789794922,0.7,A1,2,0.15381431579589844
54,12,0,9.650632465771888,1.0,0.0,[1.9678696  1.60601492],-9.690849139847732,13.311610432455684,[ 2.         -1.31209022],13.311610432455684,[ 2.         -1.31209022],0.0713653564453125,0.7,A1,2,0.142730712890625
55,12,1,9.650632465771888,1.5,0.0,[1.44992707 0.34391825],-9.68431328957844,13.286343080992415,[ 2.         -1.31089733],13.286343080992415,[ 2.         -1.31089733],0.05643177032470703,0.7,A1,2,0.11286354064941406
56,13,0,9.650632465771888,1.0,0.0,[ 1.69175463 -0.45537824],-9.690849139847732,13.311610432455684,[ 2.         -1.31209022],13.311610432455684,[ 2.         -1.31209022],0.08309698104858398,0.7,A1,2,0.16619396209716797
57,13,1,9.650632465771888,1.5,0.0,[-0.12469795  1.84466338],-9.690584353457957,13.316760482499639,[ 2.        -1.3123328],13.311610432455684,[ 2.         -1.31209022],0.06841874122619629,0.7,A1,2,0.13683748245239258
58,14,0,9.650632465771888,1.0,0.0,[-1.69186718 -1.81246992],-9.690851398823753,13.311651858088744,[ 2.         -1.31209217],13.311651858088744,[ 2.         -1.31209217],0.08543920516967773,0.7,A1,2,0.17087841033935547
59,14,1,9.650632465771888,1.5,0.0,[-1.69186718 -1.81246992],-9.6896112459131,13.309677738261113,[ 2.         -1.31199914],13.309677738261113,[ 2.         -1.31199914],0.0712282657623291,0.7,A1,2,0.1424565315246582
60,0,0,9.650632465771888,1.0,0.0,[-1.89703819 -1.59614744],-14.158229451881944,14.47572844754013,[ 2.         -1.36282099],14.47572844754013,[ 2.         -1.36282099],0.4108138084411621,0.9,A1,2,0.8216276168823242
61,0,1,9.650632465771888,1.5,0.0,[-1.36554052 -0.88183983],-14.154343458688817,14.475632210871439,[ 2.         -1.36281709],14.475632210871439,[ 2.         -1.36281709],0.13480806350708008,0.9,A1,2,0.26961612701416016
62,1,0,9.650632465771888,1.0,0.0,[ 0.37116808 -1.78972989],-14.158229451881937,14.475728464850661,[ 2.         -1.36282099],14.475728464850661,[ 2.         -1.36282099],0.13495850563049316,0.9,A1,2,0.26991701126098633
63,1,1,9.650632465771888,1.5,0.0,[-1.42680834  0.5193774 ],-14.16970812412945,14.492884461695576,[ 2.        -1.3635157],14.475728464850661,[ 2.         -1.36282099],0.14065957069396973,0.9,A1,2,0.28131914138793945
64,2,0,9.650632465771888,1.0,0.0,[-1.69186718 -1.81246992],-14.158229451881944,14.47572844754013,[ 2.         -1.36282099],14.47572844754013,[ 2.         -1.36282099],0.11151933670043945,0.9,A1,2,0.2230386734008789
65,2,1,9.650632465771888,1.5,0.0,[ 0.37116808 -1.78972989],-14.15728135092011,14.474863948288899,[ 2.         -1.36278595],14.474863948288899,[ 2.         -1.36278595],0.1156778335571289,0.9,A1,2,0.2313556671142578
66,3,0,9.650632465771888,1.0,0.0,[1.44992707 0.34391825],-14.158229451881944,14.47572844754013,[ 2.         -1.36282099],14.47572844754013,[ 2.         -1.36282099],0.1110086441040039,0.9,A1,2,0.2220172882080078
67,3,1,9.650632465771888,1.5,0.0,[-0.26063897 -0.29069958],-14.160753406133823,14.475850599206977,[ 2.         -1.36282594],14.47572844754013,[ 2.         -1.36282099],0.11601376533508301,0.9,A1,2,0.23202753067016602
68,4,0,9.650632465771888,1.0,0.0,[1.44992707 0.34391825],-14.158229451881937,14.475728464850661,[ 2.         -1.36282099],14.475728464850661,[ 2.         -1.36282099],0.10893654823303223,0.9,A1,2,0.21787309646606445
69,4,1,9.650632465771888,1.5,0.0,[-0.26063897 -0.29069958],-14.160753406133823,14.475850599206977,[ 2.         -1.36282594],14.475728464850661,[ 2.         -1.36282099],0.11299800872802734,0.9,A1,2,0.2259960174560547
70,5,0,9.650632465771888,1.0,0.0,[-0.50321372 -0.02317312],-14.158229451881944,14.47572844754013,[ 2.         -1.36282099],14.47572844754013,[ 2.         -1.36282099],0.12377333641052246,0.9,A1,2,0.24754667282104492
71,5,1,9.650632465771888,1.5,0.0,[-1.89703819 -1.59614744],-14.117327766443093,14.481881361574757,[ 2.        -1.3630703],14.47572844754013,[ 2.         -1.36282099],0.13031888008117676,0.9,A1,2,0.2606377601623535
72,6,0,9.650632465771888,1.0,0.0,[ 0.37116808 -1.78972989],-14.158229451881937,14.475728464850661,[ 2.         -1.36282099],14.475728464850661,[ 2.         -1.36282099],0.11314201354980469,0.9,A1,2,0.22628402709960938
73,6,1,9.650632465771888,1.5,0.0,[-1.42680834  0.5193774 ],-14.16977528832354,14.492879936631,[ 2.         -1.36351551],14.475728464850661,[ 2.         -1.36282099],0.11630415916442871,0.9,A1,2,0.23260831832885742
74,7,0,9.650632465771888,1.0,0.0,[-0.26063897 -0.29069958],-14.158229451881937,14.475728464850661,[ 2.         -1.36282099],14.475728464850661,[ 2.         -1.36282099],0.10938835144042969,0.9,A1,2,0.21877670288085938
75,7,1,9.650632465771888,1.5,0.0,[-1.19233144  1.25504201],-14.167401370374382,14.47250971342085,[ 2.         -1.36269051],14.47250971342085,[ 2.         -1.36269051],0.11463785171508789,0.9,A1,2,0.22927570343017578
76,8,0,9.650632465771888,1.0,0.0,[-0.50321372 -0.02317312],-14.158229451881944,14.47572844754013,[ 2.         -1.36282099],14.47572844754013,[ 2.         -1.36282099],0.1425797939300537,0.9,A1,2,0.2851595878601074
77,8,1,9.650632465771888,1.5,0.0,[-1.89703819 -1.59614744],-14.117328429934076,14.481881578766467,[ 2.         -1.36307031],14.47572844754013,[ 2.         -1.36282099],0.13956046104431152,0.9,A1,2,0.27912092208862305
78,9,0,9.650632465771888,1.0,0.0,[-1.89703819 -1.59614744],-14.158229451881944,14.47572844754013,[ 2.         -1.36282099],14.47572844754013,[ 2.         -1.36282099],0.1085963249206543,0.9,A1,2,0.2171926498413086
79,9,1,9.650632465771888,1.5,0.0,[-1.36554052 -0.88183983],-14.154343458688817,14.475632210871439,[ 2.         -1.36281709],14.475632210871439,[ 2.         -1.36281709],0.11416912078857422,0.9,A1,2,0.22833824157714844
80,10,0,9.650632465771888,1.0,0.0,[-0.50321372 -0.02317312],-14.158229451881944,14.47572844754013,[ 2.         -1.36282099],14.47572844754013,[ 2.         -1.36282099],0.18380451202392578,0.9,A1,2,0.36760902404785156
81,10,1,9.650632465771888,1.5,0.0,[-1.89703819 -1.59614744],-14.117327766443093,14.481881361574757,[ 2.        -1.3630703],14.47572844754013,[ 2.         -1.36282099],0.19295096397399902,0.9,A1,2,0.38590192794799805
82,11,0,9.650632465771888,1.0,0.0,[-1.69186718 -1.81246992],-14.158229265629378,14.47572814894278,[ 2.         -1.36282098],14.47572814894278,[ 2.         -1.36282098],0.1647191047668457,0.9,A1,2,0.3294382095336914
83,11,1,9.650632465771888,1.5,0.0,[ 0.37116808 -1.78972989],-14.15728135092011,14.474863948288899,[ 2.         -1.36278595],14.474863948288899,[ 2.         -1.36278595],0.1642293930053711,0.9,A1,2,0.3284587860107422
84,12,0,9.650632465771888,1.0,0.0,[1.44992707 0.34391825],-14.158229451881937,14.475728464850661,[ 2.         -1.36282099],14.475728464850661,[ 2.         -1.36282099],0.13634014129638672,0.9,A1,2,0.27268028259277344
85,12,1,9.650632465771888,1.5,0.0,[-0.26063897 -0.29069958],-14.160753406133823,14.475850599206977,[ 2.         -1.36282594],14.475728464850661,[ 2.         -1.36282099],0.14242911338806152,0.9,A1,2,0.28485822677612305
86,13,0,9.650632465771888,1.0,0.0,[-1.69186718 -1.81246992],-14.158229451881944,14.47572844754013,[ 2.         -1.36282099],14.47572844754013,[ 2.         -1.36282099],0.1180112361907959,0.9,A1,2,0.2360224723815918
87,13,1,9.650632465771888,1.5,0.0,[ 0.37116808 -1.78972989],-14.15728135092011,14.474863948288899,[ 2.         -1.36278595],14.474863948288899,[ 2.         -1.36278595],0.12644386291503906,0.9,A1,2,0.2528877258300781
88,14,0,9.650632465771888,1.0,0.0,[-1.89703819 -1.59614744],-14.158229451881944,14.47572844754013,[ 2.         -1.36282099],14.47572844754013,[ 2.         -1.36282099],0.17744231224060059,0.9,A1,2,0.35488462448120117
89,14,1,9.650632465771888,1.5,0.0,[-1.36554052 -0.88183983],-14.154343341963937,14.475632213788554,[ 2.         -1.36281709],14.475632213788554,[ 2.         -1.36281709],0.14165568351745605,0.9,A1,2,0.2833113670349121
90,0,0,9.650632465771888,1.0,0.0,[-1.89703819 -1.59614744],-12.342979557016644,14.530707185482722,[ 2.         -1.36504259],14.530707185482722,[ 2.         -1.36504259],0.2302107810974121,0.8,A1,2,0.4604215621948242
91,0,1,9.650632465771888,1.5,2.4762294822299496e-82,[ 1.69175463 -0.45537824],-12.339379577002603,14.530616391673142,[ 2.         -1.36503893],14.530616391673142,[ 2.         -1.36503893],0.15166187286376953,0.8,A1,2,0.30332374572753906
92,1,0,9.650632465771888,1.0,0.0,[ 0.37116808 -1.78972989],-12.343339087862859,14.53068446465416,[ 2.         -1.36504168],14.53068446465416,[ 2.         -1.36504168],0.14835762977600098,0.8,A1,2,0.29671525955200195
93,1,1,9.650632465771888,1.5,0.0,[-0.26063897 -0.29069958],-12.351270058844875,14.548523587838094,[ 2.         -1.36575963],14.53068446465416,[ 2.         -1.36504168],0.13312888145446777,0.8,A1,2,0.26625776290893555
94,2,0,9.650632465771888,1.0,0.0,[-1.69186718 -1.81246992],-12.343339087862812,14.53068475027525,[ 2.         -1.36504169],14.53068475027525,[ 2.         -1.36504169],0.14768385887145996,0.8,A1,2,0.2953677177429199
95,2,1,9.650632465771888,1.5,0.0,[-1.36554052 -0.88183983],-12.342586211462134,14.529755504776775,[ 2.         -1.36500425],14.529755504776775,[ 2.         -1.36500425],0.1317451000213623,0.8,A1,2,0.2634902000427246
96,3,0,9.650632465771888,1.0,0.0,[1.44992707 0.34391825],-12.343339087862805,14.530684771287934,[ 2.         -1.36504169],14.530684771287934,[ 2.         -1.36504169],0.14730334281921387,0.8,A1,2,0.29460668563842773
97,3,1,9.650632465771888,1.5,0.0,[ 0.37116808 -1.78972989],-12.342541637048601,14.530562060679216,[ 2.         -1.36503675],14.530562060679216,[ 2.         -1.36503675],0.1331315040588379,0.8,A1,2,0.2662630081176758
98,4,0,9.650632465771888,1.0,0.0,[1.44992707 0.34391825],-12.343339087862805,14.530684771287934,[ 2.         -1.36504169],14.530684771287934,[ 2.         -1.36504169],0.14755463600158691,0.8,A1,2,0.29510927200317383
99,4,1,9.650632465771888,1.5,0.0,[ 0.37116808 -1.78972989],-12.342541637048601,14.530562060679216,[ 2.         -1.36503675],14.530562060679216,[ 2.         -1.36503675],0.13087105751037598,0.8,A1,2,0.26174211502075195
100,5,0,9.650632465771888,1.0,0.0,[-0.50321372 -0.02317312],-12.343117133499003,14.53069513748423,[ 2.         -1.36504211],14.53069513748423,[ 2.         -1.36504211],0.1682133674621582,0.8,A1,2,0.3364267349243164
101,5,1,9.650632465771888,1.5,0.0,[ 0.37116808 -1.78972989],-12.306783810150609,14.535162915715294,[ 2.         -1.36522205],14.53069513748423,[ 2.         -1.36504211],0.1484067440032959,0.8,A1,2,0.2968134880065918
102,6,0,9.650632465771888,1.0,0.0,[ 0.37116808 -1.78972989],-12.343339087862859,14.53068446465416,[ 2.         -1.36504168],14.53068446465416,[ 2.         -1.36504168],0.15175819396972656,0.8,A1,2,0.3035163879394531
103,6,1,9.650632465771888,1.5,0.0,[-0.26063897 -0.29069958],-12.351270058844875,14.548523587838094,[ 2.         -1.36575963],14.53068446465416,[ 2.         -1.36504168],0.1369304656982422,0.8,A1,2,0.2738609313964844
104,7,0,9.650632465771888,1.0,0.0,[-0.26063897 -0.29069958],-12.343339087862859,14.53068446465416,[ 2.         -1.36504168],14.53068446465416,[ 2.         -1.36504168],0.14648675918579102,0.8,A1,2,0.29297351837158203
105,7,1,9.650632465771888,1.5,0.0,[-1.89703819 -1.59614744],-12.347540034164687,14.528205557131528,[ 2.        -1.3649418],14.528205557131528,[ 2.        -1.3649418],0.12947702407836914,0.8,A1,2,0.2589540481567383
106,8,0,9.650632465771888,1.0,0.0,[-0.50321372 -0.02317312],-12.343339087862859,14.53068446465416,[ 2.         -1.36504168],14.53068446465416,[ 2.         -1.36504168],0.14832401275634766,0.8,A1,2,0.2966480255126953
107,8,1,9.650632465771888,1.5,0.0,[ 0.37116808 -1.78972989],-12.307071727362693,14.535147955441714,[ 2.         -1.36522145],14.53068446465416,[ 2.         -1.36504168],0.13231492042541504,0.8,A1,2,0.2646298408508301
108,9,0,9.650632465771888,1.0,0.0,[-1.89703819 -1.59614744],-12.343339087862859,14.53068446465416,[ 2.         -1.36504168],14.53068446465416,[ 2.         -1.36504168],0.14849615097045898,0.8,A1,2,0.29699230194091797
109,9,1,9.650632465771888,1.5,2.4761829867712742e-82,[ 1.69175463 -0.45537824],-12.339739990450003,14.530592972419418,[ 2.         -1.36503799],14.530592972419418,[ 2.         -1.36503799],0.13172101974487305,0.8,A1,2,0.2634420394897461
110,10,0,9.650632465771888,1.0,0.0,[-0.50321372 -0.02317312],-12.343339087862859,14.53068446465416,[ 2.         -1.36504168],14.53068446465416,[ 2.         -1.36504168],0.146834135055542,0.8,A1,2,0.293668270111084
111,10,1,9.650632465771888,1.5,0.0,[ 0.37116808 -1.78972989],-12.307071727362693,14.535147955441714,[ 2.         -1.36522145],14.53068446465416,[ 2.         -1.36504168],0.13231277465820312,0.8,A1,2,0.26462554931640625
112,11,0,9.650632465771888,1.0,0.0,[-1.69186718 -1.81246992],-12.343087674654281,14.530696686295126,[ 2.         -1.36504217],14.530696686295126,[ 2.         -1.36504217],0.17317557334899902,0.8,A1,2,0.34635114669799805
113,11,1,9.650632465771888,1.5,0.0,[-1.36554052 -0.88183983],-12.342339404170009,14.529767931000611,[ 2.         -1.36500475],14.529767931000611,[ 2.         -1.36500475],0.3284602165222168,0.8,A1,2,0.6569204330444336
114,12,0,9.650632465771888,1.0,0.0,[1.44992707 0.34391825],-12.343339087862805,14.530684771287934,[ 2.         -1.36504169],14.530684771287934,[ 2.         -1.36504169],0.3342158794403076,0.8,A1,2,0.6684317588806152
115,12,1,9.650632465771888,1.5,0.0,[ 0.37116808 -1.78972989],-12.342541637048601,14.530562060679216,[ 2.         -1.36503675],14.530562060679216,[ 2.         -1.36503675],0.13345551490783691,0.8,A1,2,0.26691102981567383
116,13,0,9.650632465771888,1.0,0.0,[-1.69186718 -1.81246992],-12.343339087862812,14.53068475027525,[ 2.         -1.36504169],14.53068475027525,[ 2.         -1.36504169],0.1587846279144287,0.8,A1,2,0.3175692558288574
117,13,1,9.650632465771888,1.5,0.0,[-1.36554052 -0.88183983],-12.342586211462134,14.529755504776775,[ 2.         -1.36500425],14.529755504776775,[ 2.         -1.36500425],0.14449691772460938,0.8,A1,2,0.28899383544921875
118,14,0,9.650632465771888,1.0,0.0,[-1.89703819 -1.59614744],-12.343339087862812,14.53068475027525,[ 2.         -1.36504169],14.53068475027525,[ 2.         -1.36504169],0.16195917129516602,0.8,A1,2,0.32391834259033203
119,14,1,9.650632465771888,1.5,2.4761829867712742e-82,[ 1.69175463 -0.45537824],-12.339739990450003,14.530592972419418,[ 2.         -1.36503799],14.530592972419418,[ 2.         -1.36503799],0.14697551727294922,0.8,A1,2,0.29395103454589844
120,0,0,9.650632465771888,1.0,0.0,[1.13405366 1.44231426],3.6523597754861328,1.3779519298786904,[ 0.67348758 -0.90422939],1.3779519298786904,[ 0.67348758 -0.90422939],0.23760151863098145,0.6,A1,2,0.4752030372619629
121,0,1,9.650632465771888,0.6666666666666666,0.0,[-0.12469795  1.84466338],3.6584370030217954,1.3720150658198822,[ 0.67371684 -0.90491365],1.3720150658198822,[ 0.67371684 -0.90491365],0.1678018569946289,0.6,A1,2,0.3356037139892578
122,1,0,9.650632465771888,1.0,0.0,[-0.64069105 -1.25246267],3.6523613407374427,1.3779515013043933,[ 0.67348757 -0.90422947],1.3779515013043933,[ 0.67348757 -0.90422947],0.16733121871948242,0.6,A1,2,0.33466243743896484
123,1,1,9.650632465771888,0.6666666666666666,0.0,[-0.12469795  1.84466338],3.6513742418920003,1.3775650584334633,[ 0.67352792 -0.90424835],1.3775650584334633,[ 0.67352792 -0.90424835],0.12943601608276367,0.6,A1,2,0.25887203216552734
124,2,0,9.650632465771888,1.0,0.0,[ 1.69175463 -0.45537824],3.6523613407374427,1.3779515013043933,[ 0.67348757 -0.90422947],1.3779515013043933,[ 0.67348757 -0.90422947],0.16534900665283203,0.6,A1,2,0.33069801330566406
125,2,1,9.650632465771888,0.6666666666666666,0.0,[1.44992707 0.34391825],3.6633506145409385,1.3850301449805664,[ 0.6721528  -0.90448402],1.3779515013043933,[ 0.67348757 -0.90422947],0.12911677360534668,0.6,A1,2,0.25823354721069336
126,3,0,9.650632465771888,1.0,0.0,[-1.69186718 -1.81246992],3.6523613407374427,1.3779515013043933,[ 0.67348757 -0.90422947],1.3779515013043933,[ 0.67348757 -0.90422947],0.16601037979125977,0.6,A1,2,0.33202075958251953
127,3,1,9.650632465771888,0.6666666666666666,0.0,[-1.69186718 -1.81246992],3.6525773312656042,1.3786778011705367,[ 0.67342421 -0.9041815 ],1.3779515013043933,[ 0.67348757 -0.90422947],0.12881135940551758,0.6,A1,2,0.25762271881103516
128,4,0,9.650632465771888,1.0,0.0,[-1.69186718 -1.81246992],3.6523613407374427,1.3779515013043933,[ 0.67348757 -0.90422947],1.3779515013043933,[ 0.67348757 -0.90422947],0.1640303134918213,0.6,A1,2,0.3280606269836426
129,4,1,9.650632465771888,0.6666666666666666,0.0,[-1.69186718 -1.81246992],3.6525773312656042,1.3786778011705367,[ 0.67342421 -0.9041815 ],1.3779515013043933,[ 0.67348757 -0.90422947],0.12683415412902832,0.6,A1,2,0.25366830825805664
130,5,0,9.650632465771888,1.0,0.0,[ 0.37116808 -1.78972989],3.65236134073745,1.377950891771375,[ 0.67348761 -0.90422952],1.377950891771375,[ 0.67348761 -0.90422952],0.1854710578918457,0.6,A1,2,0.3709421157836914
131,5,1,9.650632465771888,0.6666666666666666,0.0,[-1.89703819 -1.59614744],3.6570140946774643,1.3705258825615494,[ 0.67429173 -0.90456491],1.3705258825615494,[ 0.67429173 -0.90456491],0.1429915428161621,0.6,A1,2,0.2859830856323242
132,6,0,9.650632465771888,1.0,0.0,[-0.64069105 -1.25246267],3.6523613407374427,1.3779515013043933,[ 0.67348757 -0.90422947],1.3779515013043933,[ 0.67348757 -0.90422947],0.16843748092651367,0.6,A1,2,0.33687496185302734
133,6,1,9.650632465771888,0.6666666666666666,0.0,[-0.12469795  1.84466338],3.6513742418920003,1.3775650584334633,[ 0.67352792 -0.90424835],1.3775650584334633,[ 0.67352792 -0.90424835],0.13515830039978027,0.6,A1,2,0.27031660079956055
134,7,0,9.650632465771888,1.0,0.0,[ 1.69175463 -0.45537824],3.6523613407383166,1.3779528873429743,[ 0.67348733 -0.90422949],1.3779528873429743,[ 0.67348733 -0.90422949],0.1691138744354248,0.6,A1,2,0.3382277488708496
135,7,1,9.650632465771888,0.6666666666666666,0.0,[-0.50321372 -0.02317312],3.6633506145416703,1.3850275078480894,[ 0.67215321 -0.90448401],1.3779528873429743,[ 0.67348733 -0.90422949],0.13188767433166504,0.6,A1,2,0.2637753486633301
136,8,0,9.650632465771888,1.0,0.0,[ 0.37116808 -1.78972989],3.65236134073745,1.377950891771375,[ 0.67348761 -0.90422952],1.377950891771375,[ 0.67348761 -0.90422952],0.16633272171020508,0.6,A1,2,0.33266544342041016
137,8,1,9.650632465771888,0.6666666666666666,0.0,[-1.89703819 -1.59614744],3.657016072084275,1.3705242943018747,[ 0.67429169 -0.9045652 ],1.3705242943018747,[ 0.67429169 -0.9045652 ],0.12921857833862305,0.6,A1,2,0.2584371566772461
138,9,0,9.650632465771888,1.0,0.0,[1.13405366 1.44231426],3.652361340737677,1.377949314018875,[ 0.67348782 -0.90422955],1.377949314018875,[ 0.67348782 -0.90422955],0.16512823104858398,0.6,A1,2,0.33025646209716797
139,9,1,9.650632465771888,0.6666666666666666,0.0,[-0.12469795  1.84466338],3.6584384859024297,1.3720114099998466,[ 0.67371737 -0.90491368],1.3720114099998466,[ 0.67371737 -0.90491368],0.12938904762268066,0.6,A1,2,0.25877809524536133
140,10,0,9.650632465771888,1.0,0.0,[ 0.37116808 -1.78972989],3.65236134073745,1.377950891771375,[ 0.67348761 -0.90422952],1.377950891771375,[ 0.67348761 -0.90422952],0.16453790664672852,0.6,A1,2,0.32907581329345703
141,10,1,9.650632465771888,0.6666666666666666,0.0,[-1.89703819 -1.59614744],3.657016072084275,1.3705242943018747,[ 0.67429169 -0.9045652 ],1.3705242943018747,[ 0.67429169 -0.9045652 ],0.1281900405883789,0.6,A1,2,0.2563800811767578
142,11,0,9.650632465771888,1.0,0.0,[ 1.69175463 -0.45537824],3.6523613407374427,1.3779515013043933,[ 0.67348757 -0.90422947],1.3779515013043933,[ 0.67348757 -0.90422947],0.17641401290893555,0.6,A1,2,0.3528280258178711
143,11,1,9.650632465771888,0.6666666666666666,0.0,[1.44992707 0.34391825],3.6633506145409385,1.3850301449805664,[ 0.6721528  -0.90448402],1.3779515013043933,[ 0.67348757 -0.90422947],0.13895201683044434,0.6,A1,2,0.27790403366088867
144,12,0,9.650632465771888,1.0,0.0,[-1.69186718 -1.81246992],3.6523613407374427,1.3779515013043933,[ 0.67348757 -0.90422947],1.3779515013043933,[ 0.67348757 -0.90422947],0.16658592224121094,0.6,A1,2,0.3331718444824219
145,12,1,9.650632465771888,0.6666666666666666,0.0,[-1.69186718 -1.81246992],3.6525773312656042,1.3786778011705367,[ 0.67342421 -0.9041815 ],1.3779515013043933,[ 0.67348757 -0.90422947],0.12922120094299316,0.6,A1,2,0.25844240188598633
146,13,0,9.650632465771888,1.0,0.0,[ 1.69175463 -0.45537824],3.6523613407374427,1.3779515013043933,[ 0.67348757 -0.90422947],1.3779515013043933,[ 0.67348757 -0.90422947],0.17765307426452637,0.6,A1,2,0.35530614852905273
147,13,1,9.650632465771888,0.6666666666666666,0.0,[1.44992707 0.34391825],3.6633506145409385,1.3850301449805664,[ 0.6721528  -0.90448402],1.3779515013043933,[ 0.67348757 -0.90422947],0.1416175365447998,0.6,A1,2,0.2832350730895996
148,14,0,9.650632465771888,1.0,0.0,[1.13405366 1.44231426],3.652361340737677,1.377949314018875,[ 0.67348782 -0.90422955],1.377949314018875,[ 0.67348782 -0.90422955],0.17663145065307617,0.6,A1,2,0.35326290130615234
149,14,1,9.650632465771888,0.6666666666666666,0.0,[-0.12469795  1.84466338],3.6584384859024297,1.3720114099998466,[ 0.67371737 -0.90491368],1.3720114099998466,[ 0.67371737 -0.90491368],0.14252281188964844,0.6,A1,2,0.2850456237792969
150,0,0,9.650632465771888,1.0,0.0,[-0.90236432  1.00990726],-0.2915635844001727,6.189436169441935,[ 1.74797772 -0.86774251],6.189436169441935,[ 1.74797772 -0.86774251],0.24142193794250488,0.5,A1,2,0.48284387588500977
151,0,1,9.650632465771888,0.6666666666666666,0.0,[ 0.37116808 -1.78972989],-0.30105667189728536,6.154966448673383,[ 1.74529829 -0.86712777],6.154966448673383,[ 1.74529829 -0.86712777],0.17012786865234375,0.5,A1,2,0.3402557373046875
152,1,0,9.650632465771888,1.0,0.0,[-1.69186718 -1.81246992],-0.2915674081375066,6.189430943056845,[ 1.7479774  -0.86774257],6.189430943056845,[ 1.7479774  -0.86774257],0.1388692855834961,0.5,A1,2,0.2777385711669922
153,1,1,9.650632465771888,0.6666666666666666,0.0,[-1.89703819 -1.59614744],-0.2897493795415613,6.184959239287064,[ 1.74762444 -0.86765284],6.184959239287064,[ 1.74762444 -0.86765284],0.1531507968902588,0.5,A1,2,0.3063015937805176
154,2,0,9.650632465771888,1.0,0.0,[1.13405366 1.44231426],-0.29156740813760607,6.1894322021878105,[ 1.74797747 -0.86774254],6.1894322021878105,[ 1.74797747 -0.86774254],0.13675236701965332,0.5,A1,2,0.27350473403930664
155,2,1,9.650632465771888,0.6666666666666666,0.0,[-0.50321372 -0.02317312],-0.3104400865075263,6.222087970105753,[ 1.75026402 -0.86792082],6.1894322021878105,[ 1.74797747 -0.86774254],0.15123581886291504,0.5,A1,2,0.3024716377258301
156,3,0,9.650632465771888,1.0,0.0,[0.64929738 0.09237134],-0.2915674081375066,6.189430943056845,[ 1.7479774  -0.86774257],6.189430943056845,[ 1.7479774  -0.86774257],0.13647890090942383,0.5,A1,2,0.27295780181884766
157,3,1,9.650632465771888,0.6666666666666666,0.0,[-1.69186718 -1.81246992],-0.25496134736141585,6.1561968453931275,[ 1.74682184 -0.86952933],6.1561968453931275,[ 1.74682184 -0.86952933],0.15423297882080078,0.5,A1,2,0.30846595764160156
158,4,0,9.650632465771888,1.0,0.0,[0.64929738 0.09237134],-0.2915674081375066,6.189430943056845,[ 1.7479774  -0.86774257],6.189430943056845,[ 1.7479774  -0.86774257],0.13544678688049316,0.5,A1,2,0.27089357376098633
159,4,1,9.650632465771888,0.6666666666666666,0.0,[-1.69186718 -1.81246992],-0.25496134736141585,6.1561968453931275,[ 1.74682184 -0.86952933],6.1561968453931275,[ 1.74682184 -0.86952933],0.14767885208129883,0.5,A1,2,0.29535770416259766
160,5,0,9.650632465771888,1.0,0.0,[-0.64069105 -1.25246267],-0.2915674081375066,6.189430943056845,[ 1.7479774  -0.86774257],6.189430943056845,[ 1.7479774  -0.86774257],0.15114188194274902,0.5,A1,2,0.30228376388549805
161,5,1,9.650632465771888,0.6666666666666666,0.0,[-0.12469795  1.84466338],-0.29246322714296014,6.187843809160283,[ 1.74788012 -0.86775724],6.187843809160283,[ 1.74788012 -0.86775724],0.1736440658569336,0.5,A1,2,0.3472881317138672
162,6,0,9.650632465771888,1.0,0.0,[-1.69186718 -1.81246992],-0.2915674081375066,6.189430943056845,[ 1.7479774  -0.86774257],6.189430943056845,[ 1.7479774  -0.86774257],0.1383647918701172,0.5,A1,2,0.2767295837402344
163,6,1,9.650632465771888,0.6666666666666666,0.0,[-1.89703819 -1.59614744],-0.2897493795415613,6.184959239287064,[ 1.74762444 -0.86765284],6.184959239287064,[ 1.74762444 -0.86765284],0.15140724182128906,0.5,A1,2,0.3028144836425781
164,7,0,9.650632465771888,1.0,0.0,[ 0.37116808 -1.78972989],-0.2915674081375066,6.189430943056845,[ 1.7479774  -0.86774257],6.189430943056845,[ 1.7479774  -0.86774257],0.1313917636871338,0.5,A1,2,0.2627835273742676
165,7,1,9.650632465771888,0.6666666666666666,0.0,[-1.69186718 -1.81246992],-0.29388214821847214,6.218505586770597,[ 1.75027341 -0.86833603],6.189430943056845,[ 1.7479774  -0.86774257],0.1460704803466797,0.5,A1,2,0.2921409606933594
166,8,0,9.650632465771888,1.0,0.0,[-0.64069105 -1.25246267],-0.2915674081375066,6.189430943056845,[ 1.7479774  -0.86774257],6.189430943056845,[ 1.7479774  -0.86774257],0.13333892822265625,0.5,A1,2,0.2666778564453125
167,8,1,9.650632465771888,0.6666666666666666,0.0,[-0.12469795  1.84466338],-0.2924699646014801,6.187841107416078,[ 1.74787993 -0.86775722],6.187841107416078,[ 1.74787993 -0.86775722],0.14816665649414062,0.5,A1,2,0.29633331298828125
168,9,0,9.650632465771888,1.0,0.0,[-0.90236432  1.00990726],-0.2915674081375066,6.189430943056845,[ 1.7479774  -0.86774257],6.189430943056845,[ 1.7479774  -0.86774257],0.13311028480529785,0.5,A1,2,0.2662205696105957
169,9,1,9.650632465771888,0.6666666666666666,0.0,[ 0.37116808 -1.78972989],-0.3010571707121841,6.154968843722693,[ 1.74529854 -0.86712792],6.154968843722693,[ 1.74529854 -0.86712792],0.14740204811096191,0.5,A1,2,0.29480409622192383
170,10,0,9.650632465771888,1.0,0.0,[-0.64069105 -1.25246267],-0.2915674081375066,6.189430943056845,[ 1.7479774  -0.86774257],6.189430943056845,[ 1.7479774  -0.86774257],0.13213729858398438,0.5,A1,2,0.26427459716796875
171,10,1,9.650632465771888,0.6666666666666666,0.0,[-0.12469795  1.84466338],-0.2924699646014801,6.187841107416078,[ 1.74787993 -0.86775722],6.187841107416078,[ 1.74787993 -0.86775722],0.14632296562194824,0.5,A1,2,0.2926459312438965
172,11,0,9.650632465771888,1.0,0.0,[1.13405366 1.44231426],-0.29156740813760607,6.1894322021878105,[ 1.74797747 -0.86774254],6.1894322021878105,[ 1.74797747 -0.86774254],0.14435958862304688,0.5,A1,2,0.28871917724609375
173,11,1,9.650632465771888,0.6666666666666666,0.0,[-0.50321372 -0.02317312],-0.3104400865075263,6.222087970105753,[ 1.75026402 -0.86792082],6.1894322021878105,[ 1.74797747 -0.86774254],0.15817499160766602,0.5,A1,2,0.31634998321533203
174,12,0,9.650632465771888,1.0,0.0,[0.64929738 0.09237134],-0.2915674081375066,6.189430943056845,[ 1.7479774  -0.86774257],6.189430943056845,[ 1.7479774  -0.86774257],0.13508939743041992,0.5,A1,2,0.27017879486083984
175,12,1,9.650632465771888,0.6666666666666666,0.0,[-1.69186718 -1.81246992],-0.25496134736141585,6.1561968453931275,[ 1.74682184 -0.86952933],6.1561968453931275,[ 1.74682184 -0.86952933],0.15150952339172363,0.5,A1,2,0.30301904678344727
176,13,0,9.650632465771888,1.0,0.0,[1.13405366 1.44231426],-0.29156740813760607,6.1894322021878105,[ 1.74797747 -0.86774254],6.1894322021878105,[ 1.74797747 -0.86774254],0.14850258827209473,0.5,A1,2,0.29700517654418945
177,13,1,9.650632465771888,0.6666666666666666,0.0,[-0.50321372 -0.02317312],-0.3104400865075263,6.222087970105753,[ 1.75026402 -0.86792082],6.1894322021878105,[ 1.74797747 -0.86774254],0.164320707321167,0.5,A1,2,0.328641414642334
178,14,0,9.650632465771888,1.0,0.0,[-0.90236432  1.00990726],-0.29156740813760607,6.1894322021878105,[ 1.74797747 -0.86774254],6.1894322021878105,[ 1.74797747 -0.86774254],0.14476990699768066,0.5,A1,2,0.28953981399536133
179,14,1,9.650632465771888,0.6666666666666666,0.0,[ 0.37116808 -1.78972989],-0.3010571707121841,6.154968843722693,[ 1.74529854 -0.86712792],6.154968843722693,[ 1.74529854 -0.86712792],0.15940332412719727,0.5,A1,2,0.31880664825439453
